Dates|Domaines
2024-02-13|sd67.bc.ca
2024-01-26|kunath.com
2024-02-13|act21.fr
2024-02-11|hirslanden.ch
2024-02-13|coeurdalene.org
2024-02-05|prudential.com
2024-02-13|varta.com
2024-01-31|willislease.com
2024-02-13|aztech.com
2024-02-12|msh-intl.com
2023-11-15|planethomelending.com
2023-07-18|danbury.k12.ct.us
2024-02-06|onclusive.com
2024-02-09|coloradodefenders.us
2024-01-17|pro.ecosystem.eco
2024-02-11|ms.ro
2024-01-30|jacksonvillebeach.org
2024-01-18|seiu1000.org
2024-02-07|krankenhaus-lindenbrunn.de
2024-02-07|petersberg.de
2024-02-04|raiderweb.org
2024-02-07|southstatebank.com
2024-01-08|hyundai.com
2023-02-08|central.k12.or.us
2024-01-30|therme-laa.at
2023-12-19|weslend.com
2023-11-09|azuravascularcare.com
2024-01-24|teo.gal
2024-02-07|ucmo.edu
2024-01-30|balmain.com.au
2024-02-02|korneuburg.gv.at
2024-02-06|advania.se
2024-01-30|hku.hk
2024-01-31|wifi.at
2024-02-06|kalmar.se
2024-02-02|dreifaltigkeits-hospital.de
2024-02-01|santantoni.net
2024-02-04|northernlighthealth.org
2023-02-03|
2024-02-11|ch-armentieres.fr
2023-04-12|awhg.org
2024-02-02|ru.is
2024-02-02|germantown-tn.gov
2023-01-25|claro.cr
2023-08-15|knightbarry.com
2024-01-29|eneo.cm
2024-01-19|canterbury.gov.uk
2024-02-01|dms.com
2024-01-30|digitel.com.ve
2024-01-31|luriechildrens.org
2024-02-01|groton.k12.ct.us
2023-12-18|skokie.org
2024-01-27|inca.gov.br
2024-01-28|bezirkskliniken-mfr.de
2024-02-01|landkreis-kelheim.de
2023-06-16|alamosgold.com
2024-01-24|linncounty.org
2024-01-31|mfp.gob.cu
2024-01-31|viamedis.fr
2024-01-24|international.gc.ca
2024-01-31|dominikus-krankenhaus-berlin.org
2024-01-23|trfs.org.uk
2024-01-28|vhs-vaterstetten.de
2023-08-21|keenan.com
2024-01-29|saludtotal.com.co
2024-01-27|fultoncountyga.gov
2024-01-17|schneider-electric.com
2023-12-13|ofuji.jp
2024-01-28|freeholdtwp.k12.nj.us
2024-01-28|aspbasilicata.it
2024-01-25|santacruz.rs.gov.br
2024-01-24|themisbourne.co.uk
2024-01-25|ghcscw.com
2024-01-24|ccscapitales.com
2024-01-22|icn-artem.com
2024-01-24|washingtoncopa.gov
2024-01-23|ridekc.org
2024-01-20|camc.com
2024-01-22|vhs-minden.de
2024-01-22|equilend.com
2022-12-18|connexus-group.co.uk
2023-10-21|chattanoogaimaging.com
2024-01-23|sarthe.fr
2024-01-17|veolia.us
2024-01-14|dcl.org
2024-01-21|buckscounty.gov
2023-01-17|aercap.com
2024-01-19|jfh.com.sg
2023-12-27|denham.com
2024-01-19|clackamas.edu
2023-10-20|primaryhealthandwellness.com
2024-01-17|winusvilottery.com
2024-01-19|tietoevry.com
2024-01-19|greaternapanee.com
2023-08-25|cmu.edu
2024-01-15|canterbury.gov.uk
2024-01-17|jamtland.se
2024-01-17|donau3fm.de
2024-01-06|bna.ao
2023-05-13|wecontrolpain.com
2023-12-31|izis.org
2024-01-16|k-state.edu
2023-11-24|avescorent.ch
2024-01-15|foxsemicon.com
2024-01-13|sambrhabitat.be
2024-01-13|calvia.com
2023-12-01|indigoskycasino.com
2023-12-22|inrae.fr
2024-01-10|lush.co.uk
2024-01-10|res.com.sg
2023-07-03|consensiohealth.com
2023-12-28|tiautoinvestments.co.za
2023-07-12|navvishealthcare.com
2023-12-21|xonar.nl
2024-01-05|odav.de
2024-01-05|torontozoo.com
2024-01-04|tigo.com.py
2024-01-06|loandepot.com
2023-02-03|cooperaerobics.com
2023-12-26|funcabes.com.br
2023-07-27|parathon.com
2023-07-14|healthec.com
2024-01-01|saintphilippe.re
2023-10-22|firstchoicedental.com
2024-01-04|beckley.org
2023-09-25|highlandsoncologygroup.com
2023-04-11|middlefieldbank.bank
2023-03-21|academymortgage.com
2023-12-29|xeroxbusinesssolutions.com
2023-12-18|gvw.com
2023-12-28|emuseum.com
2023-12-31|mun.ca
2023-12-31|ville-fouesnant.fr
2023-12-31|ips-securex.com
2023-12-21|courts.vic.gov.au
2023-11-30|backyardbend.com
2023-12-22|coopvarmland.se
2023-03-26|rgw.com
2022-12-26|oikoumene.org
2022-12-25|ajh.org
2023-12-26|sgv-champagne.fr
2023-12-21|ohiolottery.com
2023-12-23|harjedalen.se
2023-12-26|nibtt.net
2023-12-15|yakult.com.au
2023-12-27|eagersautomotive.com.au
2023-12-24|co.cullman.al.us
2023-11-28|integrisok.com
2023-12-20|ubisoft.com
2023-12-21|uibk.ac.at
2023-12-24|kho.de
2023-10-23|claycountymn.gov
2023-11-04|fresnosurgicalhospital.com
2023-12-21|mpurban.gov.in
2023-12-19|libertyhospital.org
2023-08-21|keenan.com
2023-11-20|bcsd.org
2023-12-16|lcgb.lu
2023-12-19|svha.org.au
2023-11-08|rawlinswy.gov
2023-10-22|hotrmhmr.org
2023-12-20|firstam.com
2023-09-15|esosolutions.com
2023-12-17|socadis.com
2023-10-04|neurosurgeonsofnewjersey.com
2023-12-20|kitco.com
2023-12-13|wr.indianrailways.gov.in
2023-12-19|hcltech.com
2023-12-18|eps.rs
2023-12-08|ktu.edu
2023-05-07|lecoteau.fr
2023-10-16|xfinity.com
2023-10-27|bellin.org
2023-12-11|mtsd-vt.org
2023-12-13|mongodb.com
2023-12-13|vfcorp.com
2023-12-10|cacg.fr
2023-12-14|verocard.com.br
2023-12-10|easypark.nl
2023-12-13|dadosabertos.ana.gov.br
2023-12-11|centralbank.org.ls
2023-12-10|jyskenergi.dk
2023-12-06|gocruisers.org
2023-12-13|lpl.ca
2023-11-09|irmsaguenay.com
2023-12-13|limburg.net
2023-12-12|hotelplan.co.uk
2023-11-05|aefe.fr
2023-12-09|mairie-ozoir-la-ferriere.fr
2023-12-12|march.ch
2023-12-01|paysduneubourg.fr
2023-10-01|yvelines.fr
2023-12-08|coaxis.com
2023-12-08|westpole.it
2023-11-24|ridegrtc.com
2023-09-27|foursquarehealthcare.com
2023-12-07|hnhsd.org
2023-12-07|pocosdecaldas.mg.gov.br
2023-02-12|sweetwaterschools.org
2023-12-08|province-iles.nc
2023-03-06|stanleysteemer.com
2023-12-07|uow.edu.au
2023-12-06|gusd.net
2023-12-06|usherbrooke.ca
2023-12-07|aqualectra.com
2023-05-18|taylor.edu
2023-09-20|ermi.com
2023-12-06|yucatan.gob.mx
2023-09-29|cvcheart.com
2023-12-06|nissan.com.au
2023-12-05|graebener.com
2023-12-05|dameronhospital.org
2023-12-04|caricom.org
2023-11-30|mayo.ie
2023-11-30|lac-megantic.qc.ca
2023-11-29|ausl.mo.it
2023-11-29|guyamier.com
2023-11-29|sprintersports.nl
2023-11-28|grimme.de
2023-11-28|lk-vr.de
2023-11-28|inros-lackner.de
2023-11-28|htcinc.com
2023-11-28|klinikum-esslingen.de
2023-11-27|taboaodaserra.sp.gov.br
2023-11-27|minfin.gob.gt
2023-11-27|ntmwd.com
2023-11-27|
2023-11-27|staples.com
2023-11-26|compass-group.it
2023-11-26|ongoingoperations.com
2023-11-25|hse.si
2023-11-25|avu.de
2023-11-24|ardenthealth.com
2023-11-24|capitalhealth.org
2023-11-24|fredhutch.org
2023-11-23|zweckverband-gdv.de
2023-11-23|hendersonvillenc.gov
2023-11-23|quantumradiology.com.au
2023-11-22|veligo-location.fr
2023-11-22|zollikofen.ch
2023-11-22|svenskakyrkan.se
2023-11-22|newrelic.com
2023-11-22|a-data.nu
2023-11-20|tazewellcountyva.org
2023-11-20|livanova.com
2023-11-20|pfaff.com
2023-11-20|sau4.org
2023-11-19|rsag-online.de
2023-11-18|fnf.com
2023-11-17|siaap.fr
2023-11-17|moessingen.de
2023-11-17|
2023-11-16|esedu.fi
2023-11-16|sabreinsurance.co.uk
2023-11-15|mcsd11.net
2023-11-14|bladencounty.org
2023-11-14|nmps.k12.mi.us
2023-11-14|beaverton.k12.or.us
2023-11-14|longbeach.gov
2023-11-14|kingedwardvii.co.uk
2023-11-13|yanfeng.com
2023-11-13|nccu.edu
2023-11-12|huberheights.org
2023-11-12|tunstall.nl
2023-11-12|dena.de
2023-11-11|okadamanila.com
2023-11-10|dpworldaustralia.com.au
2023-11-10|derichebourg-multiservices.fr
2023-11-10|glendale.edu
2023-11-09|icbc.com.cn
2023-11-09|tricitymed.org
2023-11-09|henry.k12.ga.us
2023-11-08|yrdsb.ca
2023-11-08|etad.gr
2023-11-07|cne-siar.gov.uk
2023-11-07|harriscenter.org
2023-11-07|wsdot.wa.gov
2023-11-06|kadewe.de
2023-11-05|loiret.fr
2023-11-05|madisonhospital.org
2023-11-05|pcps.us
2023-11-05|concevis.ch
2023-11-05|hermon.net
2023-11-04|buttesd.org
2023-11-02|infosysmccamish.com
2023-11-02|crystalrunhealthcare.com
2023-11-01|mrcoopergroup.com
2023-11-01|rekord.de
2023-11-01|edc.dk
2023-11-01|cogdellhospital.com
2023-10-31|acehardware.com
2023-10-31|depauw.edu
2023-10-31|jeffcopublicschools.org
2023-10-31|saukprairiehealthcare.org
2023-10-30|suedwestfalen-it.de
2023-10-30|messe-essen.de
2023-10-30|aiq.com.mx
2023-10-30|hs-hannover.de
2023-10-30|bauergruppe.de
2023-10-30|alliedpilots.org
2023-10-30|schulemuri.ch
2023-10-28|torontopubliclibrary.ca
2023-10-28|designa.de
2023-10-28|sixriversmedia.com
2023-10-28|bl.uk
2023-10-27|vinovalie.com
2023-10-27|uc.cl
2023-10-27|stlucieco.gov
2023-10-27|corsica-ferries.fr
2023-10-27|smidts.nl
2023-10-26|annecy.fr
2023-10-25|tehn.ca
2023-10-25|advarra.com
2023-10-25|yamaha-motor.com.ph
2023-10-24|eleveursdeporcsduquebec.com
2023-10-24|mangaung.gov.za
2023-10-23|ospedaleverona.it
2023-10-23|
2023-10-23|gtd.cl
2023-10-23|allenparkschools.com
2023-10-23|fabriciano.mg.gov.br
2023-10-23|riohondo.edu
2023-10-23|swrha.co.tt
2023-10-22|transform.ca
2023-10-22|araguari.mg.gov.br
2023-10-21|clarkcountynv.gov
2023-10-21|habitat-audois.fr
2023-10-20|museumfuernaturkunde.berlin
2023-10-20|ocda.net
2023-10-20|orionlibrary.org
2023-10-19|glynncounty.org
2023-10-19|alou.cv
2023-10-19|westbahn.at
2023-10-19|deegenbergklinik.de
2023-10-19|dallascounty.org
2023-10-17|realsociedad.com
2023-10-17|everi.com
2023-10-17|hopewellarea.org
2023-10-17|logansystems.com
2023-10-16|pbl.ch
2023-10-16|patriotiskselskab.dk
2023-10-16|hkballet.com
2023-10-16|provincia.perugia.it
2023-10-16|harlingenpolice.com
2023-10-15|kscourts.org
2023-10-15|wmchealth.org
2023-10-15|westchestermedicalcenter.org
2023-10-15|amfam.com
2023-10-15|munsonhealthcare.org
2023-10-14|henryschein.com
2023-10-12|sdis64.fr
2023-10-12|verhelst.be
2023-10-11|akumin.com
2023-10-10|simpsonmfg.com
2023-10-10|prideofnottingham.co.uk
2023-10-10|cofrac.fr
2023-10-09|dlsu.edu.ph
2023-10-09|kwiktrip.com
2023-10-09|tstt.co.tt
2023-10-08|volex.com
2023-10-07|ch-ouestvosgien.fr
2023-10-06|uniklinik-frankfurt.de
2023-10-05|danskscanning.dk
2023-10-05|ccsd.net
2023-10-04|hochsauerlandenergie.de
2023-10-03|metrotransit.org
2023-10-02|estes-express.com
2023-10-02|hfg-karlsruhe.de
2023-10-02|provincia.cs.it
2023-10-02|degenia.de
2023-10-02|firstjudicialcircuit.org
2023-10-01|lycamobile.co.uk
2023-09-29|mtgraham.org
2023-09-29|parkerschapelschool.com
2023-09-29|co.rock.wi.us
2023-09-28|johnsoncontrols.com
2023-09-27|baccarat.fr
2023-09-27|ana.gov.br
2023-09-27|gondomar.pt
2023-09-27|unob.cz
2023-09-26|akadem.org
2023-09-25|baruch.cuny.edu
2023-09-25|italtel.com
2023-09-25|victorvilleca.gov
2023-09-24|ufms.br
2023-09-24|
2023-09-23|osi.state.nm.us
2023-09-22|philhealth.gov.ph
2023-09-22|gov.bm
2023-09-22|mariescountymo.gov
2023-09-22|kitv.com
2023-09-21|morlaix.fr
2023-09-21|villach.at
2023-09-20|consumer.org.hk
2023-09-19|eventcombo.com
2023-09-19|hfu.de
2023-09-19|aircanada.com
2023-09-19|fondationdefrance.org
2023-09-19|wacoal.co.jp
2023-09-19|dhbw.de
2023-09-18|pittsburghpa.gov
2023-09-18|somagic.fr
2023-09-17|xcaret.com
2023-09-17|yusen-logistics.com
2023-09-15|icc-cpi.int
2023-09-14|at.govt.nz
2023-09-14|hzpc.com
2023-09-12|pelmorex.com
2023-09-12|ifxnetworks.com.co
2023-09-12|fcps1.org
2023-09-11|mgmresorts.com
2023-09-11|
2023-09-11|rejis.org
2023-09-11|zetema.it
2023-09-11|ikp.at
2023-09-07|ghsv.org
2023-09-06|saa.woodard.co.uk
2023-09-06|hindscountyms.com
2023-09-06|orbcomm.com
2023-09-06|morsang.fr
2023-09-05|sevilla.org
2023-09-05|fscjamaica.org
2023-09-05|decaturisd.us
2023-09-05|thermae2000.nl
2023-09-05|decaturisd.us
2023-09-04|maidenerleghtrust.org
2023-09-01|cei.it
2023-09-01|semarnat.gob.mx
2023-09-01|deeroaks.com
2023-08-31|logicmonitor.com
2023-08-31|debenhamhigh.co.uk
2023-08-31|hws.haringey.sch.uk
2023-08-31|betton.fr
2023-08-31|carthagehospital.com
2023-08-31|casdschools.org
2023-08-31|cpm.coop
2023-08-31|amman.jo
2023-08-31|cote-azur.cci.fr
2023-08-31|itcsyd.dk
2023-08-30|alzey.de
2023-08-30|woerrstadt.de
2023-08-30|medgate.ch
2023-08-30|mclaren.org
2023-08-30|hillsboroughschools.org
2023-08-29|brimborg.is
2023-08-28|kendrion.com
2023-08-28|westlog.fi
2023-08-27|hshs.org
2023-08-27|umich.edu
2023-08-27|northwave.it
2023-08-27|casdonline.org
2023-08-27|coffeemeetsbagel.com
2023-08-27|caesars.com
2023-08-26|gov.lk
2023-08-26|wwmedgroup.com
2023-08-25|htl.moedling.at
2023-08-24|astrid-lindgren-schule.de
2023-08-24|tissupath.com.au
2023-08-24|stadtwerke-neumuenster.de
2023-08-23|hslu.ch
2023-08-23|heuschenschrouff.com
2023-08-23|dakotaeye.com
2023-08-22|stadtbibliothek-weisswasser.de
2023-08-22|leaseweb.nl
2023-08-21|treime.md
2023-08-21|cpascharleroi.be
2023-08-21|sthelens.gov.uk
2023-08-21|hosteur.ch
2023-08-21|carboncountrypa.gov
2023-08-21|digitalid.co.uk
2023-08-20|nerolac.com
2023-08-20|singingriverhealthsystem.org
2023-08-19|a1.net
2023-08-18|energyone.com.au
2023-08-18|azerocloud.dk
2023-08-17|poste.it
2023-08-17|sartrouville.fr
2023-08-16|emiliacentrale.it
2023-08-15|clevelandcityschools.org
2023-08-14|clorox.com
2023-08-14|pgcps.org
2023-08-13|swanretail.co.uk
2023-08-13|verlagsgruppe-muenchen.de
2023-08-12|econocom.fr
2023-08-12|riverscasino.com
2023-08-11|neogy.it
2023-08-11|freeport.com
2023-08-09|rapattoni.com
2023-08-08|verdeil.ch
2023-08-07|mayaneihayeshua.org
2023-08-07|oniris-nantes.fr
2023-08-06|sesaram.pt
2023-08-06|zaun.co.uk
2023-08-04|twv-staderland.de
2023-08-03|prospectmedical.com
2023-08-03|csem.qc.ca
2023-08-03|csem.qc.ca
2023-08-03|campbells.com
2023-08-02|bpp.co.uk
2023-08-02|joysonsafety.de
2023-08-02|brak.de
2023-08-02|justkidsdental.com
2023-08-01|pami.org.ar
2023-08-01|ech.org
2023-08-01|noirlab.edu
2023-07-29|
2023-07-29|papelprensa.com
2023-07-28|seiko.co.jp
2023-07-27|cardiocommsolutions.com
2023-07-26|softproject.de
2023-07-25|jaccs.co.jp
2023-07-25|slpsb.org
2023-07-25|crtvg.es
2023-07-24|angouleme.fr
2023-07-24|
2023-07-24|taubblindendienst.de
2023-07-24|pierce.ctc.edu
2023-07-23|tempursealy.com
2023-07-21|azimut.it
2023-07-21|chevilly-larue.fr
2023-07-21|
2023-07-20|itlindustries.com
2023-07-20|inpe.br
2023-07-18|ortivus.se
2023-07-18|esteelauder.com
2023-07-18|thebodyshop.jp
2023-07-16|tomra.no
2023-07-16|helix.ru
2023-07-16|georgecountyms.gov
2023-07-14|uu.se
2023-07-13|moreheadstate.edu
2023-07-13|heabc.bc.ca
2023-07-13|ams.edu.sg
2023-07-12|comune.fe.it
2023-07-12|difi.no
2023-07-11|zootampa.org
2023-07-11|corneliusor.org
2023-07-11|tce.rj.gov.br
2023-07-11|province.namur.be
2023-07-11|avta.edu.au
2023-07-10|countyofkings.ca
2023-07-09|hayward-ca.gov
2023-07-09|quikcard.ca
2023-07-08|ventia.com.au
2023-07-08|kentcounty.com
2023-07-07|agla.gov.tt
2023-07-07|jacksontwp.com
2023-07-07|maison-mercier.fr
2023-07-07|dpz.es
2023-07-06|ecp.gov.pk
2023-07-05|unina2.it
2023-07-04|npta.or.jp
2023-07-04|roys.co.uk
2023-07-04|ibisacam.at
2023-07-04|meteolux.lu
2023-07-03|ohiohistory.org
2023-07-03|nmhs.net
2023-07-02|montpellier.aero
2023-07-02|agen.fr
2023-07-01|uws.ac.uk
2023-06-30|schwaelbchen.de
2023-06-30|unisa.it
2023-06-30|ch-saint-renan.fr
2023-06-29|kx.com.tw
2023-06-29|mcschools.org
2023-06-29|amaturosonomamedia.com
2023-06-28|alexlibraryva.org
2023-06-27|virbac.fr
2023-06-27|econsultsolutions.com
2023-06-26|runner.it
2023-06-25|krg.ca
2023-06-24|suncor.com
2023-06-24|zdzit.olsztyn.eu
2023-06-22|valleavanza.com
2023-06-22|rozhlas.cz
2023-06-21|chu-rennes.fr
2023-06-21|petermark.ie
2023-06-21|stmartinleztatinghem.fr
2023-06-21|livingstonintl.ca
2023-06-21|perpetual.com.au
2023-06-20|ayto-arganda.es
2023-06-20|umb.sk
2023-06-20|
2023-06-20|ornex.fr
2023-06-19|highered.colorado.gov
2023-06-19|
2023-06-18|indap.cl
2023-06-18|bouchemaine.fr
2023-06-17|blowtherm.it
2023-06-17|trujilloalto.pr
2023-06-16|gransassoacqua.it
2023-06-16|circit.de
2023-06-16|cafam.com.co
2023-06-16|savings.gov.pk
2023-06-16|baxtercountysheriff.com
2023-06-15|centrobasile.it
2023-06-15|helmholtz-berlin.de
2023-06-15|lebanonsd.org
2023-06-15|yamahamusic.ca
2023-06-15|usa.yamaha.com
2023-06-15|coenhagedoorn.nl
2023-06-14|osghengelo.nl
2023-06-14|brunswick.com
2023-06-14|huelben.de
2023-06-14|brh.ht
2023-06-14|westjordan.utah.gov
2023-06-13|hawaii.hawaii.edu
2023-06-13|kingcounty.gov
2023-06-13|lumbertonisd.org
2023-06-12|niedersachsen.de
2023-06-12|slocoe.org
2023-06-11|sfasu.edu
2023-06-11|jamaicaeye.gov.jm
2023-06-11|haynesintl.com
2023-06-10|hs-kl.de
2023-06-10|smartpay.co.nz
2023-06-09|fayetteville-ar.gov
2023-06-09|meinburgenland.at
2023-06-09|manchester.ac.uk
2023-06-08|bennet.it
2023-06-08|miacanalytics.com
2023-06-07|masterbuilders.co.nz
2023-06-07|bex.ch
2023-06-07|univ-amu.fr
2023-06-07|aiims.ac.in
2023-06-07|ffr.fr
2023-06-07|luis-simoes.com
2023-06-07|richmond.ca
2023-06-06|leytonstoneschool.org
2023-06-06|vaud.ch
2023-06-06|montclair.edu
2023-06-06|eisai.com
2023-06-05|zellis.com
2023-06-05|cortinawatch.com
2023-06-05|fassi.com
2023-06-04|bibliotheekgouda.nl
2023-06-04|novascotia.ca
2023-06-04|mayberryinv.com
2023-06-03|automaticsystems.be
2023-06-03|deutsche-leasing.de
2023-06-03|sky.it
2023-06-02|rochester.edu
2023-06-02|fpjq.org
2023-06-02|lantech.co.nz
2023-06-02|uwaterloo.ca
2023-06-01|mcps.k12.va.us
2023-05-31|tegma.com.br
2023-05-31|idahoredicare.com
2023-05-31|tgh.org
2023-05-31|loreto.sa.edu.au
2023-05-30|bad-langensalza.de
2023-05-30|tgh.org
2023-05-28|cerizay.fr
2023-05-28|unicodata.ch
2023-05-27|ejercito.cl
2023-05-26|medfordradiology.com
2023-05-26|mandeure.fr
2023-05-26|chrnamur.be
2023-05-25|heidelbergmaterials.de
2023-05-25|granulesindia.com
2023-05-25|uni-duesseldorf.de
2023-05-24|lacordee.com
2023-05-24|
2023-05-24|saint-brevin.fr
2023-05-24|acispes.org.br
2023-05-24|proliancesurgeons.com
2023-05-23|xplain.ch
2023-05-23|wcpp.gov.za
2023-05-23|planfocus.de
2023-05-23|bhcc.edu
2023-05-22|mppmcl.com
2023-05-22|mazars.fr
2023-05-21|dbsa.org
2023-05-21|tagaviation.com
2023-05-21|augustaga.gov
2023-05-21|thomas-hardye.net
2023-05-20|united-hoster.de
2023-05-18|columbusregional.com
2023-05-18|cangas.org
2023-05-18|bloomfleet.it
2023-05-18|atu.de
2023-05-18|mivitec.de
2023-05-18|rs-wolves.com
2023-05-17|nosm.ca
2023-05-17|downsschool.co.uk
2023-05-17|fcps.net
2023-05-16|adamsbank.com
2023-05-16|voyageursdumonde.fr
2023-05-16|
2023-05-16|collectivitedemartinique.mq
2023-05-16|ogdendunes.in.gov
2023-05-15|buckleyking.com
2023-05-15|oiaai.com
2023-05-14|smdea.fr
2023-05-14|scansource.com
2023-05-14|inquirer.com
2023-05-14|cvag.de
2023-05-13|kdhospital.com
2023-05-13|group-dis.com
2023-05-13|gesundheitnord.de
2023-05-12|visumpoint.de
2023-05-12|groupevitrey.fr
2023-05-11|
2023-05-11|rumcsi.org
2023-05-11|braintreepayments.com
2023-05-10|suzukimotorcycle.co.in
2023-05-10|unizar.es
2023-05-10|seacom.com
2023-05-10|technologyonecorp.com
2023-05-10|chattanoogastate.edu
2023-05-09|nortonhealthcare.org
2023-05-09|tulancingo.gob.mx
2023-05-08|bsi.co.id
2023-05-08|dragos.com
2023-05-08|tst.jus.br
2023-05-08|fleury.com.br
2023-05-08|phmc.org
2023-05-07|abb.ch
2023-05-06|
2023-05-06|
2023-05-05|rhaonline.com
2023-05-04|maxim-ic.de
2023-05-04|avidxchange.com
2023-05-04|votehillsborough.org
2023-05-04|secop.gov.co
2023-05-04|mdihospital.org
2023-05-03|dallascityhall.com
2023-05-03|asl1abruzzo.it
2023-05-03|ashevillenc.gov
2023-05-03|ncic.co.jp
2023-05-02|perryjohnson.com
2023-05-01|missioncommunityhospital.org
2023-04-30|cafpi.fr
2023-04-30|wichita.edu
2023-04-30|penncrest.org
2023-04-30|bluefield.edu
2023-04-30|nashua.edu
2023-04-29|missioncommunityhospital.org
2023-04-29|hawa.com
2023-04-29|inta.gob.ar
2023-04-29|aspendental.com
2023-04-29|vincerainstitute.com
2023-04-28|hardenhuish.wilts.sch.uk
2023-04-28|spartanburgcounty.org
2023-04-27|vismatalentsolutions.se
2023-04-27|altocalore.it
2023-04-26|co.curry.or.us
2023-04-26|americold.com
2023-04-26|cocacolafemsa.com
2023-04-26|bitmarck.de
2023-04-26|upsrtc.com
2023-04-26|vikings-casinos.fr
2023-04-26|northkingstown.org
2023-04-26|baffetmateriaux.fr
2023-04-25|ville-robert.fr
2023-04-25|nnpls.org
2023-04-25|multimedica.it
2023-04-25|au.int
2023-04-25|truman.edu
2023-04-25|groupecloutier.com
2023-04-25|lowellma.gov
2023-04-24|vantage.travel
2023-04-24|skp.nl
2023-04-24|digimobil.es
2023-04-24|klinikum-hochsauerland.de
2023-04-24|naivas.co.ke
2023-04-23|gallery.ca
2023-04-23|woonkracht10.nl
2023-04-22|mmclinic.com
2023-04-22|saxon.ch
2023-04-22|vopak.nl
2023-04-21|ouc.ac.cy
2023-04-21|nutresa.com.co
2023-04-21|bsw-kehl.de
2023-04-20|peachtreeorthopedics.com
2023-04-20|rws.com
2023-04-20|montana.edu
2023-04-20|anton-paar.com
2023-04-20|nbhcc.org
2023-04-20|canal5.com.uy
2023-04-19|infolog.ch
2023-04-19|bobst.com
2023-04-19|bancodevenezuela.com
2023-04-18|vocalcom.fr
2023-04-17|gatewaycasinos.com
2023-04-17|morcenx.fr
2023-04-17|seal.pe
2023-04-17|groupegambetta.fr
2023-04-16|rheinmetall.com
2023-04-16|cmhospital.com
2023-04-14|clarkehosp.org
2023-04-14|caracol.com.co
2023-04-14|sdis38.fr
2023-04-14|wildeboer.de
2023-04-13|
2023-04-13|medicalodges.com
2023-04-13|cornwallhospital.ca
2023-04-13|conagua.gob.mx
2023-04-12|sankey-eye.co.jp
2023-04-12|mzz.gov.si
2023-04-12|fincantierimarinegroup.com
2023-04-11|enzobiochem.com
2023-04-11|alohaenterprise.com
2023-04-11|latitude.com.au
2023-04-11|volkswagen.fr
2023-04-11|cch.ca
2023-04-10|ch-bourg-en-bresse.fr
2023-04-09|sdworx.be
2023-04-09|lurssen.de
2023-04-09|rochesterschools.org
2023-04-09|iib.gov.in
2023-04-06|evotec.com
2023-04-06|portugal.gov.pt
2023-04-06|enzobiochem.com
2023-04-05|mercer.edu
2023-04-05|cm-oliveiradohospital.pt
2023-04-05|zbw.eu
2023-04-05|bernina.com
2023-04-05|delawarehealth.net
2023-04-04|knvb.nl
2023-04-03|cna-aiic.ca
2023-03-31|phoenicianmedical.care
2023-03-30|evide.org
2023-03-30|barcelonnette.fr
2023-03-30|avx.com
2023-03-28|materna.de
2023-03-28|wcchs.net
2023-03-27|onixgroup.com
2023-03-27|onixgroup.com
2023-03-23|yucatan.gob.mx
2023-03-23|careium.se
2023-03-18|maimonidesmed.org
2023-03-18|peisey-nancroix.fr
2023-03-15|strausnews.com
2023-03-15|matthaei.de
2023-03-15|jefcoed.com
2023-03-14|phealthcenter.org
2023-03-14|mairie-montsaintmartin.fr
2023-03-13|acueductospr.com
2023-03-13|orrick.com
2023-03-12|amerita.com
2023-03-10|transactimo.fr
2023-03-09|cumminsbhs.org
2023-03-08|osv.com
2023-03-07|creditcontrolcorp.com
2023-03-06|americanbar.org
2023-03-05|sysco.com
2023-03-05|bienvilleortho.com
2023-03-03|uniboard.ca
2023-03-03|fsg.de
2023-02-27|bclplaw.com
2023-02-22|gaston.edu
2023-02-18|lawfoundation.org
2023-02-17|skidmore.edu
2023-02-12|sweetwaterschools.org
2023-02-11|burton.com
2023-02-11|gates.com
2023-02-01|trogroup.at
2023-01-31|edmonds.wednet.edu
2023-01-25|middleburg.us
2023-01-15|
2023-01-15|spd.de
2023-01-15|purfoods.com
2023-01-09|dmschools.org
2022-12-20|mrfreising.de
2022-12-12|cheyrad.com
2023-11-29|jaxa.jp
2022-11-25|prophete.de
2022-11-23|cts.co.uk
2022-11-10|londonandzurich.co.uk
2022-10-25|sandi.net
2023-10-12|naturkundemuseum-berlin.de
2022-09-12|toulouse-inp.fr
2022-07-15|tokyo-mou.org
2022-02-28|kannapolisnc.gov
