title|url|date|source
Estas son las contrase√±as m√°s hackeadas del mundo: qu√© hacer si est√° la tuya|https://www.eleconomista.es/tecnologia/noticias/12698802/02/24/estas-son-las-contrasenas-mas-hackeadas-del-mundo-que-hacer-si-esta-la-tuya.html|2024-02-29|elEconomista.es
–£–∫—Ä–∞—ó–Ω—Å—å–∫–∞ –Ü–¢-–ê—Ä–º—ñ—è –∞—Ç–∞–∫—É–≤–∞–ª–∞ –Ω–∞–π–±—ñ–ª—å—à–∏–π —Ä–æ—Å—ñ–π—Å—å–∫–∏–π —ñ–Ω—Ç–µ—Ä–Ω–µ—Ç-–ø–æ—Ä—Ç–∞–ª Mail.ru  --  online.ua|https://news.online.ua/ukrayinska-it-armiia-atakuvala-naibilsii-rosiiskii-internet-portal-mailru-874072/|2024-02-29|–£–∫—Ä–∞–∏–Ω–∞ –û–Ω–ª–∞–π–Ω
CalypsoAI Appoints Donnchadh Casey as Chief Operating Officer|https://www.finanznachrichten.de/nachrichten-2024-02/61549383-calypsoai-appoints-donnchadh-casey-as-chief-operating-officer-004.htm|2024-02-29|FinanzNachrichten.de
Palo Alto Networks combines with Ataya, Celona, Druid, others on private 5G security|https://www.rcrwireless.com/20240229/private-5g/palo-alto-networks-combines-with-ataya-celona-druid-others-on-private-5g-security|2024-02-29|RCR Wireless News
Daily Minute: Cyberattack affecting state hospitals; school psychologists bill advances; Billy Idol coming to Lincoln|https://journalstar.com/exclusive/daily-minute/daily-minute-what-to-know-for-february-29-lincoln/article_0116f4ee-d68e-11ee-b6e3-ff8d3e19759e.html|2024-02-29|JournalStar.com
"Elon Musk is 'wrong' that no jobs will be needed in the future - says poll of tech experts | BCS"|https://www.wired-gov.net/wg/news.nsf/articles/Elon%2BMusk%2Bis%2Bwrong%2Bthat%2Bno%2Bjobs%2Bwill%2Bbe%2Bneeded%2Bin%2Bthe%2Bfuture%2B%2Bsays%2Bpoll%2Bof%2Btech%2Bexperts%2B29022024132000?open|2024-02-29|WiredGov
Q3 2024 C3.ai Inc Earnings Call|https://finance.yahoo.com/news/q3-2024-c3-ai-inc-132849084.html|2024-02-29|Yahoo! Finance
Council Post: Three Ways AI Is Changing The Face Of Cybersecurity|https://www.forbes.com/sites/forbesbusinesscouncil/2024/02/29/three-ways-ai-is-changing-the-face-of-cybersecurity/|2024-02-29|Forbes
Form  497K       T. Rowe Price Internatio|https://www.streetinsider.com/SEC+Filings/Form+497K+T.+Rowe+Price+Internatio/22858255.html|2024-02-29|StreetInsider.com
NuRAN Receives Approval of the US $5M Loan Facility|https://www.eagletribune.com/region/nuran-receives-approval-of-the-us-5m-loan-facility/article_a85b7ebc-93ed-538b-a837-0238c055f868.html|2024-02-29|Eagle-Tribune
"Canadian Natural Resources Limited announces 2023 fourth quarter and year end results | BOE Report"|https://boereport.com/2024/02/29/canadian-natural-resources-limited-announces-2023-fourth-quarter-and-year-end-results/|2024-02-29|BOE Report
Major Cyberattack Impacts Pharmacies and Hospitals in New York|https://nj1015.com/ixp/498/p/cyber-threats-pharmacies-hospitals/|2024-02-29|New Jersey 101.5
Cyberattack on insurance giant disrupting business for doctors, therapists - WTOP News|https://wtop.com/health-fitness/2024/02/cyberattack-on-insurance-giant-disrupting-business-for-doctors-therapists/|2024-02-29|WTOP
Canadian Natural Resources Limited Announces 2023 Fourth Quarter and Year End Results|https://energynow.ca/2024/02/canadian-natural-resources-limited-announces-2023-fourth-quarter-and-year-end-results/|2024-02-29|"Energy News for the Canadian Oil & Gas Industry | EnergyNow.ca"
Building Your Cyber Incident Response Team|https://securityboulevard.com/2024/02/building-your-cyber-incident-response-team/|2024-02-29|Security Boulevard
Unleashing the Power of Outcome-Driven Cybersecurity: The CARE Model and Live Patching|https://securityboulevard.com/2024/02/unleashing-the-power-of-outcome-driven-cybersecurity-the-care-model-and-live-patching/|2024-02-29|Security Boulevard
Le Sidaction est touch√© par une cyberattaque : risque de divulgation de donn√©es|https://kulturegeek.fr/news-305897/sidaction-touche-cyberattaque-risque-divulgation-donnees|2024-02-29|KultureGeek
Just six months after ‚Ç¨5M seed round, French cybertech firm Filigran raises ‚Ç¨15M Series A|https://siliconcanals.com/crowdfunding/filigran-raises-15m/|2024-02-29|Silicon Canals
Prominent Sacramento law firm sues for $1 million after falling prey to ransomware attack|https://news.yahoo.com/prominent-sacramento-law-firm-sues-130000557.html|2024-02-29|Yahoo News
Hacking at UnitedHealth Unit Cripples a Swath of the US Health System: What to Know - RocketNews|https://www.rocketnews.com/2024/02/hacking-at-unitedhealth-unit-cripples-a-swath-of-the-us-health-system-what-to-know/|2024-02-29|"RocketNews | Top News Stories From Around the Globe"
"Paris-based cybertech Filigran raises ‚Ç¨15 million Series A to expand its open source threat intelligence platform | EU-Startups"|https://www.eu-startups.com/2024/02/paris-based-cybertech-filigran-raises-e15-million-series-a-to-expand-its-open-source-threat-intelligence-platform/|2024-02-29|EU-Startups
"AI Powered Storage Market Size, Growth Insight, Share, Emerging Technologies, Share, Regional, Industry Forecast To 2032 | Taiwan News | 2024-02-29 11:58:38"|https://www.taiwannews.com.tw/en/news/5105093|2024-02-29|Taiwan News
Why Cyber Resilience May Be More Important Than Cybersecurity|https://www.informationweek.com/cyber-resilience/why-cyber-resilience-may-be-more-important-than-cybersecurity|2024-02-29|InformationWeek
NuRAN Wireless Inc. (CA67059X2059) : NuRAN Receives Approval of the US $5M Loan Facility|http://lesechos-comfi.lesechos.fr/actualite.html?id=1232525|2024-02-29|Les Echos
–£–∫—Ä–∞—ó–Ω—Å—å–∫–∞ IT-–∞—Ä–º—ñ—è –∑—É–ø–∏–Ω–∏–ª–∞ —Ä–æ–±–æ—Ç—É –Ω–∞–π–±—ñ–ª—å—à–æ–≥–æ —ñ–Ω—Ç–µ—Ä–Ω–µ—Ç-–ø–æ—Ä—Ç–∞–ª—É —É —Ä–æ—Å—ñ—ó M–∞il.–≥u|http://internetua.com/ukrayinska-it-armiya-zupinila-robotu-naibilshogo-internet-portalu-u-rosiyi-mail-gu|2024-02-29|InternetUA                         
IBM Cyberattack countermeasure offers AI-enhanced data resilience|https://www.geeky-gadgets.com/ai-cyberattack-countermeasures/|2024-02-29|Geeky Gadgets
Umfrage: DSGVO bleibt einer der gr√∂√üten B√ºrokratietreiber f√ºr deutsche Betriebe|https://www.zfk.de/digitalisierung/it/umfrage-dsgvo-bleibt-einer-der-groessten-buerokratietreiber-fuer-deutsche-betriebe|2024-02-29|zfk.de
Western Energy Services Corp. releases fourth quarter and year end 2023 financial and operating results, reducing debt by $17 million in 2023|https://energynow.ca/2024/02/western-energy-services-corp-releases-fourth-quarter-and-year-end-2023-financial-and-operating-results-reducing-debt-by-17-million-in-2023/|2024-02-29|"Energy News for the Canadian Oil & Gas Industry | EnergyNow.ca"
NuRAN Wireless Inc.: NuRAN Receives Approval of the US $5M Loan Facility|https://www.finanznachrichten.de/nachrichten-2024-02/61548652-nuran-wireless-inc-nuran-receives-approval-of-the-us-dollar-5m-loan-facility-200.htm|2024-02-29|FinanzNachrichten.de
Cyberangriff auf thyssenkrupp: Automotive-Bereich betroffen - Aktie wechselt Vorzeichen|https://www.finanzen.at/nachrichten/aktien/cyberangriff-auf-thyssenkrupp-automotive-bereich-betroffen-aktie-wechselt-vorzeichen-1033114626|2024-02-29|finanzen.at
Germany has prepared Russia-NATO conflict scenario - Bild  --  RT World News|https://www.rt.com/news/593390-bild-germany-scenario-russia-nato-attack/|2024-02-29|RT
Best Buy Reports Fourth Quarter Results - Best Buy Co (NYSE:BBY)|https://www.benzinga.com/pressreleases/24/02/b37388834/best-buy-reports-fourth-quarter-results|2024-02-29|Benzinga
Papa Johns Announces Fourth Quarter and Full Year 2023 Financial Results - Papa John's International (NASDAQ:PZZA)|https://www.benzinga.com/pressreleases/24/02/b37388852/papa-johns-announces-fourth-quarter-and-full-year-2023-financial-results|2024-02-29|Benzinga
thyssenkrupp-Aktie dreht ins Plus: Produktion nach Cyberangriff teilweise beeintr√§chtigt|https://www.finanzen.ch/nachrichten/aktien/thyssenkrupp-aktie-dreht-ins-plus-produktion-nach-cyberangriff-teilweise-beeintrachtigt-1033114625|2024-02-29|finanzen.ch
DashExe RAT Advetised on Hacking Forums for $17.95|https://cybersecuritynews.com/dashexe-rat-advetised/|2024-02-29|Cyber Security News
A cloud CISO perspective: Using AI to build better cyber defenses - ExBulletin|https://exbulletin.com/tech/2588448/|2024-02-29|ExBulletin
Radware 2024 Report: Malicious Web Application and API Transactions Rise 171% Driven by Layer 7 Web DDoS Attacks - Radware (NASDAQ:RDWR)|https://www.benzinga.com/pressreleases/24/02/g37387307/radware-2024-report-malicious-web-application-and-api-transactions-rise-171-driven-by-layer-7-web-|2024-02-29|Benzinga
Fulton County cyberattack: Deadline looms for 'Lockbit' ransom demand|https://www.fox5atlanta.com/news/fulton-county-cyberattack-deadline-lockbit-ransom-demand|2024-02-29|FOX 5 Atlanta
Best Buy Reports Fourth Quarter Results|https://www.eagletribune.com/region/best-buy-reports-fourth-quarter-results/article_e69677a3-a4b3-5363-9889-71b9511889df.html|2024-02-29|Eagle-Tribune
Assurance cyber : Sto√Øk publie son premier bilan annuel des sinistres de ses assur√©s - Global Security Mag Online|https://www.globalsecuritymag.com/assurance-cyber-stoik-publie-son-premier-bilan-annuel-des-sinistres-de-ses.html|2024-02-29|Global Security Mag Online
Q&A: Why have cyberattacks in Poland spiked since Donald Tusk's election?|https://www.verdict.co.uk/qa-why-have-cyberattacks-in-poland-spiked-since-donald-tusks-election/|2024-02-29|Verdict
How active adversaries divide labor to more effectively target victims|https://www.scmagazine.com/resource/how-active-adversaries-divide-labor-to-more-effectively-target-victims|2024-02-29|SC Media
Papa Johns Announces Fourth Quarter and Full Year 2023 Financial Results|https://www.wallstreet-online.de/nachricht/17841545-papa-johns-announces-fourth-quarter-and-full-year-2023-financial-results|2024-02-29|wallstreet:online
LockBit group opens new servers, resumes operations|https://www.scmagazine.com/brief/lockbit-group-opens-new-servers-resumes-operations|2024-02-29|SC Media
Defence insiders sound alarms on state of Canadian military|https://www.ctvnews.ca/canada/defence-insiders-sound-alarms-on-state-of-canadian-military-1.6788009|2024-02-29|CTV News
Global Public Safety and Security Market Analysis: Trends, Drivers, and Forecasts 2031|https://kalkinemedia.com/news/world-news/global-public-safety-and-security-market-analysis-trends-drivers-and-forecasts-2031|2024-02-29|Kalkine Media
Beware of QR code scams! Protect yourself from quishing attacks - know how|https://tech.hindustantimes.com/how-to/beware-of-qr-code-scams-protect-yourself-from-quishing-attacks-know-how-71709206005231.html|2024-02-29|Hindustan Times Tech
Yarix lancia Egyda: l'AI continua a rivoluzionare la Cybersicurezza - Digitalic|https://www.digitalic.it/hardware-software/cyber-security/yarix-egyda|2024-02-29|digitalic.it
Cogent Communications Reports Fourth Quarter and Full Year 2023 Results and Increases its Regular Quarterly Dividend on its Common Stock|https://www.marketscreener.com/quote/stock/COGENT-COMMUNICATIONS-HOL-8712/news/Cogent-Communications-Reports-Fourth-Quarter-and-Full-Year-2023-Results-and-Increases-its-Regular-Qu-46060648/|2024-02-29|Market Screener
"Hashtag Trending Feb.29- Google's troubles with AI; New U.S. executive order to regulate data broker industry; Lockbit announces return | IT Business"|https://www.itbusiness.ca/news/hashtag-trending-feb-29-googles-troubles-with-ai-new-u-s-executive-order-to-regulate-data-broker-industry-lockbit-announces-return/127390|2024-02-29|ITBusiness.ca
Over 36 mn AI, gaming credentials compromised by infostealers in 3 yrs: Report|https://morungexpress.com/over-36-mn-ai-gaming-credentials-compromised-by-infostealers-in-3-yrs-report|2024-02-29|MorungExpress
Radware 2024 Report: Malicious Web Application and API Transactions Rise 171% Driven by Layer 7 Web DDoS Attacks|https://itnewsonline.com/GlobeNewswire/Radware-2024-Report-Malicious-Web-Application-and-API-Transactions-Rise-171Percent-Driven-byLayer-7-Web-DDoS-Attacks/74164|2024-02-29|IT News Online
"SCC adds SOC to bolster security division | Microscope"|https://www.computerweekly.com/microscope/news/366571813/SCC-adds-SOC-to-bolster-security-division|2024-02-29|Computer Weekly
Africa needs China for its digital development - but at what price? - EconoTimes|https://www.econotimes.com/Africa-needs-China-for-its-digital-development--but-at-what-price-1672375|2024-02-29|EconoTimes
Don't gamble with your cybersecurity - ESET|https://www.bizcommunity.com/article/dont-gamble-with-your-cybersecurity-672531a|2024-02-29|Bizcommunity.com
UK, Five Eyes Warn Organizations of Russian Hackers Targeting Cloud-Based Networks|https://www.thedefensepost.com/2024/02/29/uk-russian-hackers-cloud-networks/|2024-02-29|The Defense Post
"EisnerAmper offers free cybersecurity e-book | ROI-NJ"|https://www.roi-nj.com/2024/02/29/finance/eisneramper-offers-free-cybersecurity-e-book/|2024-02-29|ROI-NJ
"China cyber threat: U.S. officials warn that Chinese hackers could wreak havoc on Americans | Milwaukee Independent"|https://www.milwaukeeindependent.com/newswire/china-cyber-threat-u-s-officials-warn-chinese-hackers-wreak-havoc-americans/|2024-02-29|Milwaukee Independent
This stock has got US politicians buying like crazy: Here's why|https://finbold.com/this-stock-has-got-us-politicians-buying-like-crazy-here-is-why/|2024-02-29|Finbold
36 millions d'identifiants pirat√É¬©s sont en vente sur le dark web|https://www.01net.com/actualites/36-millions-identifiants-pirates-vente-dakr-web.html|2024-02-29|01net
Check Point ÂÖ¨‰Ωà 2024 Âπ¥ 1 ÊúàÈ¶ôÊ∏ØÂçÅÂ§ßÊÉ°ÊÑèËªü‰ª∂ÔºÅÁ¨¨‰∏Ä‰ΩçÂΩ±ÈüøÂà∞ 1.52% Êú¨Âú∞Ê©üÊßã-ePrice.HK|https://www.eprice.com.hk/mobile/talk/102/223039/1|2024-02-29|ePrice.HK
HORMEL FOODS REPORTS FIRST QUARTER FISCAL 2024 RESULTS|https://www.marketscreener.com/quote/stock/HORMEL-FOODS-CORPORATION-12977/news/HORMEL-FOODS-REPORTS-FIRST-QUARTER-FISCAL-2024-RESULTS-46060348/|2024-02-29|Market Screener
Bundesverwaltung nimmt 600 IT-Dienstleistungsvertr√§ge unter die Lupe|https://www.it-markt.ch/news/2024-02-29/bundesverwaltung-nimmt-600-it-dienstleistungsvertraege-unter-die-lupe|2024-02-29|it-markt.ch
Leveraging Residential Proxies: A Technological Edge - Qrius|https://qrius.com/leveraging-residential-proxies-a-technological-edge/|2024-02-29|Qrius
German applied sciences university announces being hit by criminal cyberattack|https://therecord.media/hochschule-kempten-cyberattack-german-university?&web_view=true|2024-02-29|therecord.media
L'√©diteur souverain Altospam rejoint Hexatrust - ITespresso.fr|https://www.itespresso.fr/press-release/lditeur-souverain-altospam-rejoint-hexatrust|2024-02-29|ITespresso.fr
How the Toronto library is recovering from a cyberattack, one book at a time|https://www.chch.com/how-the-toronto-library-is-recovering-from-a-cyberattack-one-book-at-a-time/|2024-02-29|CHCH News
Ich bin Trader und habe ein Depotverm√∂gen in Millionenh√∂he - auf diese vier Aktien setze ich dieses Jahr|https://www.businessinsider.de/wirtschaft/finanzen/meine-depots-sind-millionen-wert-auf-diese-4-aktien-setze-ich-2024/|2024-02-29|Business Insider
In Latin America, Russia's ambassadors and state media tailor anti-Ukraine content to the local context|https://www.atlanticcouncil.org/in-depth-research-reports/issue-brief/in-latin-america-russias-ambassadors-and-state-media-tailor-anti-ukraine-content-to-the-local-context/|2024-02-29|Atlantic Council
"Cyberresilienz f√ºr Lausitzer Betriebe | NIEDERLAUSITZ aktuell"|https://www.niederlausitz-aktuell.de/niederlausitz-aktuell/orte/brandenburg/254379/cyberresilienz-fuer-lausitzer-betriebe.html|2024-02-29|Niederlausitz aktuell
"How the Toronto library is recovering from a cyberattack, one book at a time - Toronto | Globalnews.ca"|https://globalnews.ca/news/10325539/toronto-library-cyberattack-recovery/|2024-02-29|Global News
Australia, Philippines Sign Deals In Defense, Maritime, Cyber Security Fields|https://en.haberler.com/australia-philippines-sign-deals-in-defense-1925481/?utm_source=facebook&utm_campaign=tavsiye_et|2024-02-29|Haberler.com
Good morning, Nickel City! Here are stories to start your day|https://www.sudbury.com/good-morning-sudbury/good-morning-nickel-city-here-are-stories-to-start-your-day-8362480|2024-02-29|Sudbury.com
MIL-OSI: Radware 2024 Report: Malicious Web Application and API Transactions Rise 171% Driven by Layer...|https://foreignaffairs.co.nz/2024/03/01/mil-osi-radware-2024-report-malicious-web-application-and-api-transactions-rise-171-driven-by-layer-7-web-ddos-attacks/|2024-02-29|foreignaffairs.co.nz
KSOC Adds Tools to Strengthen Kubernetes Security|https://cloudnativenow.com/features/ksoc-adds-tools-to-strengthen-kubernetes-security/|2024-02-29|Cloud Native Now
Australia, Philippines sign deals in defense, maritime, cyber security fields|https://www.aa.com.tr/en/asia-pacific/australia-philippines-sign-deals-in-defense-maritime-cyber-security-fields/3151076|2024-02-29|Anadolu Ajansƒ±
How this Toronto library is recovering from a cyberattack, one book at a time|https://www.thestar.com/news/gta/how-this-toronto-library-is-recovering-from-a-cyberattack-one-book-at-a-time/article_0b839d93-9b5b-50fb-beaf-2990775a6a34.html|2024-02-29|The Star
Ë≠¶ÂãôËôïËàâË°åÈ†íÁçéÁ¶ÆÂòâË®±Á∂≤Áµ°ÂÆâÂÖ®Á≤æËã± Ëàá9ÈñìÊ©üÊßãË®≠ÁâπÂà•Â∞èÁµÑÊèêÂçáÊáâËÆäÂäõ|https://std.stheadline.com/realtime/article/1984162/Âç≥ÊôÇ-Ê∏ØËÅû-Ë≠¶ÂãôËôïËàâË°åÈ†íÁçéÁ¶ÆÂòâË®±Á∂≤Áµ°ÂÆâÂÖ®Á≤æËã±-Ëàá9ÈñìÊ©üÊßãË®≠ÁâπÂà•Â∞èÁµÑÊèêÂçáÊáâËÆäÂäõ|2024-02-29|std.stheadline.com
Bundesamt f√ºr Strahlenschutz: Pr√§sidentin will besseren Schutz f√ºr ihre Beh√∂rde|https://web.de/magazine/politik/bundesamt-strahlenschutz-besseren-schutz-behoerde-39379324|2024-02-29|WEB.DE
"10 Must-Read Books on Cybersecurity | TechRepublic"|https://www.techrepublic.com/resource-library/whitepapers/10-must-read-books-on-cybersecurity/|2024-02-29|TechRepublic
Defence readiness: Why Canada is unprepared for an increasingly hostile world|https://www.ctvnews.ca/canada/defence-readiness-why-canada-is-unprepared-for-an-increasingly-hostile-world-1.6788009|2024-02-29|CTV News
Council Post: As Level 3 ALKS Moves Forward, International Standards Must Be Met To Keep Pace|https://www.forbes.com/sites/forbestechcouncil/2024/02/29/as-level-3-alks-moves-forward-international-standards-must-be-met-to-keep-pace/|2024-02-29|Forbes
Cyber Attacks: Is Nigeria's Banking Sector Prepared For The Big One?|https://bizwatchnigeria.ng/cyber-attacks-is-nigerias-banking-sector-prepared-for-the-big-one/|2024-02-29|BizWatchNigeria.Ng
Building A Resilient Cybersecurity Ecosystem: Navigating challenges, designing architecture and crafting policies|https://organiser.org/2024/02/29/224283/sci-tech/building-a-resilient-cybersecurity-ecosystem-navigating-challenges-designing-architecture-and-crafting-policies/|2024-02-29|Organiser
"Short Message Service (SMS) Firewall Market Size, Landscape, Industry Analysis, Business Outlook, Current and Future Growth By 2032 | Taiwan News | 2024-02-29 10:07:05"|https://www.taiwannews.com.tw/en/news/5104974|2024-02-29|Taiwan News
Cyber-risques, identit√© et fiabilit√© : les d√©fis de l'IA - Global Security Mag Online|https://www.globalsecuritymag.com/cyber-risques-identite-et-fiabilite-les-defis-de-l-ia.html|2024-02-29|Global Security Mag Online
Plus de la moiti√© des entreprises utilisent l'IA et l'IoT dans le cadre de leur activit√© - Global Security Mag Online|https://www.globalsecuritymag.com/plus-de-la-moitie-des-entreprises-utilisent-l-ia-et-l-iot-dans-le-cadre-de-leur.html|2024-02-29|Global Security Mag Online
Keeper Security rejoint le r√©seau de partenaires AWS - Global Security Mag Online|https://www.globalsecuritymag.com/keeper-security-rejoint-le-reseau-de-partenaires-aws.html|2024-02-29|Global Security Mag Online
IDC: 25% of Top Asian Companies to Deploy GenAI to Enhance Security Operations Capabilities by 2024|https://www.idc.com/getdoc.jsp?containerId=prAP51917924|2024-02-29|IDC: The premier global market intelligence company
Global Cyber Alliance teams up with DIFC Academy|https://www.emirates247.com/business/travel/global-cyber-alliance-teams-up-with-difc-academy-2024-02-29-1.729891|2024-02-29|"Emirates24|7"
Energy industry must avoid new dangers of AI attacks|https://www.heraldscotland.com/news/24152457.energy-industry-must-avoid-new-dangers-ai-attacks/|2024-02-29|The Herald
–•–∞–∫–µ—Ä–∏ –º–æ–≥–ª–∏ –≤–∏–∫—Ä–∞—Å—Ç–∏ –∫–æ–Ω—Ñ—ñ–¥–µ–Ω—Ü—ñ–π–Ω—ñ –¥–∞–Ω—ñ –≤—ñ–π—Å—å–∫–æ–≤–∏—Ö –¢–∞–π–≤–∞–Ω—é  --  –ó–ú–Ü|https://zn.ua/ukr/WORLD/khakeri-mohli-vikrasti-konfidentsijni-dani-vijskovikh-tajvanju-zmi.html|2024-02-29|ZN.UA
Hacking at UnitedHealth unit cripples a swath of the US health system: What to know|https://www.news-medical.net/news/20240229/Hacking-at-UnitedHealth-unit-cripples-a-swath-of-the-US-health-system-What-to-know.aspx|2024-02-29|News-Medical.net
(more)|http://www.messenger.com.ge/issues/5600_february_29_2024/5600_news_in_brief.html|2024-02-29|The Messenger
Vier Phasen: Wie sich die Bundesregierung einen Angriff von Russland vorstellt|https://www.t-online.de/-/100354620|2024-02-29|T-online.de
Palo Alto Networks: Markt nach Erholungsbewegung unsicher - Mittelstand Cafe|https://www.mittelstandcafe.de/palo-alto-networks-markt-nach-erholungsbewegung-unsicher-2085011.html|2024-02-29|Mittelstand Cafe
Burger Singh website defaced by Pakistani hackers; restored now|https://www.deccanherald.com/india/burger-singh-website-defaced-by-pakistani-hackers-restored-now-2915821|2024-02-29|Deccan Herald
What is cyber hygiene and why businesses should know about it|https://securityboulevard.com/2024/02/what-is-cyber-hygiene-and-why-businesses-should-know-about-it/|2024-02-29|Security Boulevard
One in three businesses say cyber security has dropped as a priority|https://www.themanufacturer.com/articles/one-in-three-businesses-say-cyber-security-has-dropped-as-a-priority/|2024-02-29|The Manufacturer
Epic Games Denies Claims Of Being Hacked|https://www.techworm.net/2024/02/epic-games-denies-claims-of-being-hacked.html|2024-02-29|TechWorm
"Enhancing Business Security and Anonymity with Residential Proxies |"|https://www.newzimbabwe.com/enhancing-business-security-and-anonymity-with-residential-proxies/|2024-02-29|NewZimbabwe.com
Pakistani group hacks Burger Singh's website, company claps back with humour|https://www.hindustantimes.com/trending/pakistani-group-hacks-burger-singh-s-website-company-claps-back-with-humour-101709201682623.html|2024-02-29|Hindustan Times
How Enterprises Can Manage Generative AI Risks? - Express Computer|https://www.expresscomputer.in/artificial-intelligence-ai/gen-ai/how-enterprises-can-manage-generative-ai-risks/109683/|2024-02-29|Express Computer
Sidaction a √É¬©t√É¬© pirat√É¬© : des donn√É¬©es bancaires auraient √É¬©t√É¬© vol√É¬©es|https://www.01net.com/actualites/sidaction-a-ete-pirate-des-donnees-sensibles-volees.html|2024-02-29|01net
Surge in ransomware, leaks and info stealers targeting Middle East and Africa - Intelligent CIO Middle East|https://www.intelligentcio.com/me/2024/02/29/surge-in-ransomware-leaks-and-info-stealers-targeting-middle-east-and-africa/|2024-02-29|Intelligent CIO
Security And Risk Management Spending In India To Grow 12% In 2024: Gartner|https://www.ndtvprofit.com/technology/security-and-risk-management-spending-in-india-to-grow-12-in-2024-gartner|2024-02-29|NDTV Profit
PoINT ist f√ºr die Tape-Integration mit Veeam Backup & Replication v12.1 validiert|https://www.pr-echo.de/point-ist-fuer-die-tape-integration-mit-veeam-backup-replication-v12-1-validiert/|2024-02-29|PR-Echo - Das kostenfreie Presseportal
Editorial: Trump's outbursts weaken NATO and harm the US|https://www.arcamax.com/politics/politicalnews/s-3137839|2024-02-29|ArcaMax
Sweden responds to Russian threats over NATO membership|https://news.yahoo.com/sweden-responds-russian-threats-over-230610127.html|2024-02-29|Yahoo News
Epic Games Reportedly Falls Victim to a Ransomware Attack|https://80.lv/articles/epic-games-reportedly-falls-victim-to-a-ransomware-attack/|2024-02-29|80.lv
PoINT ist f√ºr die Tape-Integration mit Veeam Backup & Replication v12.1 validiert - Mittelstand Cafe|https://www.mittelstandcafe.de/point-ist-f-r-die-tape-integration-mit-veeam-backup-und-replication-v12-1-validiert-2085001.html|2024-02-29|Mittelstand Cafe
BUFFERZONE Security Joins Trust.AI Consortium to Enhance AI-Based Cybersecurity Technologies|https://itnewsonline.com/PRNewswire/BUFFERZONE-Security-Joins-Trust.AI-Consortium-to-Enhance-AI-Based-Cybersecurity-Technologies/974640|2024-02-29|IT News Online
HP Inc. Reports Fiscal 2024 First Quarter Results|https://www.finanznachrichten.de/nachrichten-2024-02/61545790-hp-inc-reports-fiscal-2024-first-quarter-results-399.htm|2024-02-29|FinanzNachrichten.de
Group-IB reveals Hi-Tech Crime Trends 23/24: surge in ransomware against backdrop of growing AI, macOS threats|https://www.aap.com.au/aapreleases/cision20240229ae49192/|2024-02-29|AustralianAssociatedPress
DoubleVerify Reports Fourth Quarter and Full Year 2023 Financial Results|https://www.finanznachrichten.de/nachrichten-2024-02/61545394-doubleverify-reports-fourth-quarter-and-full-year-2023-financial-results-004.htm|2024-02-29|FinanzNachrichten.de
"Hashtag Trending Feb.29- Google's troubles with AI; New U.S. executive order to regulate data broker industry; Lockbit announces return | IT World Canada News"|https://www.itworldcanada.com/article/hashtag-trending-feb-29-googles-troubles-with-ai-new-u-s-executive-order-to-regulate-data-broker-industry-lockbit-announces-return/559732|2024-02-29|ITWorld Canada
Burger Singh's website gets a hacker makeover; company responds with humor|https://www.telegraphindia.com/business/burger-singhs-website-gets-a-hacker-makeover-company-responds-with-humor/cid/2003800|2024-02-29|The Telegraph
Epic Games denies it has been victim of hack|https://www.pcgamesinsider.biz/news/74333/epic-games-denies-it-has-been-victim-of-hack/|2024-02-29|pcgamesinsider.biz
Compx International Inc: Compx Reports Fourth Quarter 2023 Results|https://www.finanznachrichten.de/nachrichten-2024-02/61545788-compx-international-inc-compx-reports-fourth-quarter-2023-results-399.htm|2024-02-29|FinanzNachrichten.de
ZimVie Inc.: ZimVie Reports Fourth Quarter and Full Year 2023 Financial Results|https://www.finanznachrichten.de/nachrichten-2024-02/61545722-zimvie-inc-zimvie-reports-fourth-quarter-and-full-year-2023-financial-results-399.htm|2024-02-29|FinanzNachrichten.de
Altospam rejoint Hexatrust - Global Security Mag Online|https://www.globalsecuritymag.com/altospam-rejoint-hexatrust.html|2024-02-29|Global Security Mag Online
Commerce Dept. to look at privacy, cyber risks from Chinese-sourced connected vehicle equipment|https://cyberscoop.com/commerce-china-connected-vehicles/|2024-02-29|CyberScoop
Green Thumb Industries Reports Fourth Quarter and Full Year 2023 Results|https://www.finanznachrichten.de/nachrichten-2024-02/61545752-green-thumb-industries-reports-fourth-quarter-and-full-year-2023-results-399.htm|2024-02-29|FinanzNachrichten.de
Burger Singh site hacked by Pakistani group; company responds witt...|https://www.ptcnews.tv/world-news/burger-singh-site-hacked-by-pakistani-group-company-responds-wittingly-4130275|2024-02-29|PTC News
PRESSR: Du to strengthen cybersecurity standards in telecom industry supported by Microsoft|https://www.tradingview.com/news/reuters.com,2024-02-29:newsml_Zaw4c8qcD:0-pressr-du-to-strengthen-cybersecurity-standards-in-telecom-industry-supported-by-microsoft/|2024-02-29|TradingView
Greif Inc: Greif Reports First Quarter 2024 Results|https://www.finanznachrichten.de/nachrichten-2024-02/61545760-greif-inc-greif-reports-first-quarter-2024-results-399.htm|2024-02-29|FinanzNachrichten.de
Press review: China envoy on Ukraine shuttle diplomacy tour and EU to produce own weapons|https://tass.com/pressreview/1753277|2024-02-29|TASS
PCG recovers compromised Facebook page, 3 'hackers' identified|https://qa.philstar.com/headlines/2024/02/29/2337087/pcg-recovers-compromised-facebook-page-3-hackers-identified|2024-02-29|Philstar.com
Hacking at UnitedHealth Unit Cripples a Swath of the US Health System: What to Know - KFF Health News|https://kffhealthnews.org/news/article/unitedhealth-change-healthcare-blackcat-hack-cybersecurity/|2024-02-29|Kaiser Health News
Obscure Technologies spotlights upcoming Microsoft and Rubrik Cyber Resilience Summit|https://itweb.africa/content/o1Jr5qxPdaAqKdWL|2024-02-29|ITWeb Africa
Comentar|http://www.cibersur.com/cibersur/impe/23003|2024-02-29|cibersur.com
""" Un probl√®me tr√®s grave au niveau mondial "" : gare √† cette nouvelle fraude, ce simple SMS peut vous faire perdre tout votre argent !"|https://www.sudinfo.be/id799946/article/2024-02-29/un-probleme-tres-grave-au-niveau-mondial-gare-cette-nouvelle-fraude-ce-simple|2024-02-29|Sudinfo.be
Los ciberdelincuentes roban m√°s de 36 millones de contrase√±as de juegos e IA en los √∫ltimos 3 a√±os|http://www.cibersur.com/cibersur/impe/023003/ciberdelincuentes/roban/36/millones/contrasenas/juegos/ia/ultimos/3/anos|2024-02-29|cibersur.com
Seguridad digital: ¬øC√≥mo proteger la Informaci√≥n de tu empresa?|https://andina.pe/agencia/noticia-seguridad-digital-como-proteger-informacion-tu-empresa-976155.aspx|2024-02-29|andina.pe
Rhysida ransomware: Œ†ŒøœÖŒªŒ¨ Œ¥ŒµŒ¥ŒøŒºŒ≠ŒΩŒ± œÑŒøœÖ Lurie Children's Hospital|https://www.secnews.gr/522692/rhysida-ransomware-poula-dedomena-lurie-childrens-hospital/|2024-02-29|SecNews.gr
Ball Corporation Announces Early Results of Cash Tender Offers for Certain Outstanding Debt Securities|https://www.finanznachrichten.de/nachrichten-2024-02/61545685-ball-corporation-announces-early-results-of-cash-tender-offers-for-certain-outstanding-debt-securities-008.htm|2024-02-29|FinanzNachrichten.de
Du to strengthen cybersecurity standards in telecom industry supported by Microsoft|https://www.zawya.com/en/press-release/companies-news/du-to-strengthen-cybersecurity-standards-in-telecom-industry-supported-by-microsoft-ldgiym1n|2024-02-29|Zawya.com
So stellt sich deutsche Regierung Putins Angriff auf uns vor|https://www.focus.de/politik/bedrohung-durch-nuklearen-impuls-so-stellt-sich-deutsche-regierung-putins-angriff-auf-uns-vor_id_259715285.html|2024-02-29|Focus
Scope Markets Migrates Trading and Execution Server to LD4|https://www.financemagnates.com/forex/scope-markets-migrates-trading-and-execution-server-to-ld4/|2024-02-29|Finance Magnates
L'Afrique a besoin de la Chine pour son d√©veloppement num√©rique mais √† quel prix ?|http://theconversation.com/lafrique-a-besoin-de-la-chine-pour-son-developpement-numerique-mais-a-quel-prix-224583|2024-02-29|The Conversation
Congress' inaction irks voting officials|https://napavalleyregister.com/congress-inaction-irks-voting-officials/article_de4141cd-6200-5f4a-867e-c829c054a502.html|2024-02-29|Napa Valley Register
Outlook : une faille critique menace les utilisateurs, la France donne l'alerte|https://www.tomsguide.fr/outlook-une-faille-critique-menace-les-utilisateurs-la-france-donne-lalerte/|2024-02-29|Toms Guide : actualiteÃÅs high-tech et logiciels
Ukraine expects billion-dollar Russian disinformation campaign to peak this spring|https://therecord.media/ukraine-russia-disinformation-campaign-peaking?&web_view=true|2024-02-29|therecord.media
As millions wait on food stamp approvals, feds tell states to speed it up|https://www.eagletribune.com/region/as-millions-wait-on-food-stamp-approvals-feds-tell-states-to-speed-it-up/article_a3857372-8a37-57c4-97cb-c965adbcd974.html|2024-02-29|Eagle-Tribune
Deutschland risikoscheu bei Nutzung und Einsatz von K√ºnstlicher Intelligenz|https://www.ibusiness.de/aktuell/db/130547SUR.html|2024-02-29|iBusiness
Fortify data security to protect against cyber threats, meet regulatory demands|https://www.itweb.co.za/article/fortify-data-security-to-protect-against-cyber-threats-meet-regulatory-demands/Gb3BwMWakPpv2k6V|2024-02-29|ITWeb
"Krieg mit Russland an NATO-Nordflanke nicht mehr abstrakt: ""Dort baut man bereits Bunker"""|https://www.mannheim24.de/politik-wirtschaft/nato-nordflanke-krieg-russland-wladimir-putin-schweden-norwegen-ukraine-zr-92860684.html|2024-02-29|https://www.mannheim24.de
Network Administrator|https://buzzon.khaleejtimes.com/classifieds/network-administrator/|2024-02-29|"Khaleej Times Classifieds | jobs in uae, dubai, properties, used cars in dubai"
Is the LockBit gang resuming its operation?|https://securityaffairs.com/159757/cyber-crime/lockbit-gang-resuming-operation.html|2024-02-29|Security Affairs
SimplyCast Achieves TX-RAMP Level 2 Certification for Data Protection and Security|https://itnewsonline.com/PR.com/SimplyCast-Achieves-TX-RAMP-Level-2-Certification-for-Data-Protection-and-Security/27221|2024-02-29|IT News Online
Pakistani group hacks Burger Singh website, company reacts in hilarious manner|https://www.indiatoday.in/technology/news/story/pakistani-group-hacks-burger-singh-website-company-reacts-in-hilarious-manner-2508646-2024-02-29|2024-02-29|India Today
How To Use A Vector Database|https://www.forbes.com/sites/adrianbridgwater/2024/02/29/how-to-use-a-vector-database/|2024-02-29|Forbes
1x1 des Krisenmanagements / Was tun, wenn's knallt? (FOTO)|https://www.wallstreet-online.de/nachricht/17840735-secit-by-heise-1x1-krisenmanagements-tun-wenn-39-s-knallt-foto|2024-02-29|wallstreet:online
What measures can you take to strengthen your data security and defend against cyberthreats?|https://www.itnewsafrica.com/2024/02/what-measures-can-you-take-to-strengthen-your-data-security-and-defend-against-cyberthreats/|2024-02-29|ITNewsAfrica.com
Taiwan military lost sensitive data to hackers|https://www.straitstimes.com/asia/east-asia/taiwan-military-lost-sensitive-data-to-hackers|2024-02-29|The Straits Times
Happiest Minds partners with Secureworks to strengthen its cybersecurity offerings|https://www.bizzbuzz.news/markets/happiest-minds-partners-with-secureworks-to-strengthen-its-cybersecurity-offerings-1295104|2024-02-29|bizzbuzz.news
Russian hackers target Department of Foreign Affairs|https://www.live95fm.ie/news/live95-news/russian-hackers-target-department-of-foreign-affairs/|2024-02-29|Limerick's Live 95
"Frankreich: ""Russland ist eine direkte und unmittelbare Bedrohung f√ºr Frankreich auf allen Ebenen"""|https://de.rt.com/europa/197805-frankreich-bezeichnet-russland-als-direkte/|2024-02-29|RT DE
Ledger Nano S Plus vs X: Which is best for you in 2024?|https://coingape.com/ledger-nano-s-plus-vs-x/|2024-02-29|Coingape
Company Announcements|https://markets.ft.com/data/announce/detail?dockey=600-202402290342PR_NEWS_EURO_ND__EN49145-1|2024-02-29|markets.ft.com
MORNING BRIEFING - Deutschland/Europallow)|https://www.finanznachrichten.de/nachrichten-2024-02/61543064-morning-briefing-deutschland-europallow-015.htm|2024-02-29|FinanzNachrichten.de
"Burger Singh says website defaced by Pakistani hackers; restored now | Company News - Business Standard"|https://www.business-standard.com/companies/news/burger-singh-says-website-defaced-by-pakistani-hackers-restored-now-124022900489_1.html|2024-02-29|Business Standard
Ransomware victims who pay up are nearly all hit again - DecisionMarketing|https://www.decisionmarketing.co.uk/top-story/ransomware-victims-who-pay-up-are-nearly-all-hit-again|2024-02-29|decisionmarketing.co.uk
Los piratas inform√°ticos afirman haber robado 7 GB de datos del Departamento de Asuntos Exteriores - Notiulti|https://www.notiulti.com/los-piratas-informaticos-afirman-haber-robado-7-gb-de-datos-del-departamento-de-asuntos-exteriores/|2024-02-29|Noticias Ultimas
"Privileged Access Management (PAM) Market Consumer Diaries Maximizing the Value of Observational Research Narratives | Taiwan News | 2024-02-29 07:48:51"|https://www.taiwannews.com.tw/en/news/5104831|2024-02-29|Taiwan News
Happiest Minds partners with Secureworks to deliver next-gen XDR Services|https://itnewsonline.com/PRNewswire/Happiest-Minds-partners-with-Secureworks-to-deliver-next-gen-XDR-Services/974630|2024-02-29|IT News Online
Happiest Minds Technologies Limited: Happiest Minds partners with Secureworks to deliver next-gen XDR Services|https://www.finanznachrichten.de/nachrichten-2024-02/61544540-happiest-minds-technologies-limited-happiest-minds-partners-with-secureworks-to-deliver-next-gen-xdr-services-008.htm|2024-02-29|FinanzNachrichten.de
"""Smishing"" : c'est quoi cette nouvelle fraude au SMS et comment l'√©viter ?"|https://www.lavoixdunord.fr/1435608/article/2024-02-29/smishing-c-est-quoi-cette-nouvelle-fraude-au-sms-et-comment-l-eviter|2024-02-29|La Voix du Nord
Cyberangriff auf thyssenkrupp: Automotive-Bereich betroffen - Aktie verliert|https://www.finanzen.at/nachrichten/aktien/cyberangriff-auf-thyssenkrupp-automotive-bereich-betroffen-aktie-verliert-1033114626|2024-02-29|finanzen.at
Burger Singh says its website defaced by Pakistani hackers; restor...|https://www.newsdrum.in/business/burger-singh-says-its-website-defaced-by-pakistani-hackers-restored-now-4128808|2024-02-29|NewsDrum
"Burger Singh says its website defaced by Pakistani hackers; restored now | Technology"|https://www.devdiscourse.com/article/technology/2844240-burger-singh-says-its-website-defaced-by-pakistani-hackers-restored-now|2024-02-29|Devdiscourse
thyssenkrupp-Aktie tiefer: Produktion nach Cyberangriff teilweise beeintr√§chtigt|https://www.finanzen.ch/nachrichten/aktien/thyssenkrupp-aktie-tiefer-produktion-nach-cyberangriff-teilweise-beeintrachtigt-1033114625|2024-02-29|finanzen.ch
Tech and corporate-enabled aid puts vulnerable people's data at risk: Report|https://www.thehindu.com/sci-tech/technology/tech-and-corporate-enabled-aid-puts-vulnerable-people-data-at-risk-report/article67898945.ece|2024-02-29|The Hindu
Lazarus APT exploited 0-day in Win driver to gain kernel privileges|https://securityaffairs.com/159728/apt/lazarus-exploited-zero-day-windows-applocker-driver.html|2024-02-29|Security Affairs
Is charging phones using public ports safe? The RBI warns about juice jacking|https://www.firstpost.com/explainers/is-charging-phones-using-public-ports-safe-the-rbi-warns-about-juice-jacking-13743518.html|2024-02-29|Firstpost
Taiwan Military Lost Sensitive Data to Hackers, Report Says -  BNN Bloomberg|https://www.bnnbloomberg.ca/taiwan-military-lost-sensitive-data-to-hackers-report-says-1.2040793|2024-02-29|BNN
"Over 36 mn AI, gaming credentials compromised by infostealers in 3 yrs: Report | News Room Odisha"|https://newsroomodisha.com/over-36-mn-ai-gaming-credentials-compromised-by-infostealers-in-3-yrs-report/|2024-02-29|News Room Odisha
La Russie est-elle d√©j√† en guerre non d√©clar√©e contre la France et l'Europe ?|https://atlantico.fr/article/decryptage/la-russie-est-elle-deja-en-guerre-non-declaree-contre-la-france-et-l-europe-florent-parmentier|2024-02-29|Atlantico
FinTech Global FS Regulatory Round-Up - W/e 16 February 2024 - Fin Tech - Worldwide|https://www.mondaq.com:443/uk/fin-tech/1430056/fintech-global-fs-regulatory-round-up--we-16-february-2024|2024-02-29|Mondaq Business Briefing
AI's Impact on Cyberbullying and Scams in Southeast Asia|https://www.cryptopolitan.com/ais-impact-on-cyberbullying-in-southeast/|2024-02-29|Cryptopolitan
|https://net.it168.com/a2024/0229/6840/000006840982.shtml|2024-02-29|IT168
EIPAD Initiative hosts 'The Growing Danger of Nuclear War and What We Can Do to Prevent It'|https://dailycollegian.com/2024/02/eipad-initiative-hosts-the-growing-danger-of-nuclear-war-and-what-we-can-do-to-prevent-it/|2024-02-29|Massachusetts Daily Collegian
Over 36 mn AI, gaming credentials compromised by infostealers in 3 yrs: Report - ET Telecom|https://telecom.economictimes.indiatimes.com/news/internet/over-36-mn-ai-gaming-credentials-compromised-by-infostealers-in-3-yrs-report/108098866|2024-02-29|ETTelecom.com
Ishan Technologies and Versa Networks unite to deliver tailored managed SASE solutions for expanding enterprise market in India - CRN - India|https://www.crn.in/news/ishan-technologies-and-versa-networks-unite-to-deliver-tailored-managed-sase-solutions-for-expanding-enterprise-market-in-india/|2024-02-29|CRN - India
Australian cyber security trends: February 2024|https://www.lexology.com/library/detail.aspx?g=1c638715-bb48-4af7-8d21-3c921a8b2778|2024-02-29|Lexology
"Cyberangriff auf EasyPark: 21,1 Millionen Datens√§tze ""im Schn√§ppchenangebot"|https://www.borncity.com/blog/2024/02/29/cyberangriff-auf-easypark-211-millionen-datenstze-im-schnppchenangebot/|2024-02-29|borncity.com
The Gemini Debacle Is Just the Beginning|https://news.yahoo.com/gemini-debacle-just-beginning-074700797.html|2024-02-29|Yahoo News
secIT by heise: 1x1 des Krisenmanagements / Was tun, wenn's knallt?|https://www.finanznachrichten.de/nachrichten-2024-02/61543428-secit-by-heise-1x1-des-krisenmanagements-was-tun-wenn-s-knallt-007.htm|2024-02-29|FinanzNachrichten.de
NLNG Says Digitalisation Of Energy Sector Key For Sustainability - Oriental News Nigeria|https://orientalnewsng.com/nlng-says-digitalisation-of-energy-sector-key-for-sustainability/|2024-02-29|Oriental News Nigeria
¬øQu√© pas√≥ con el segundo hackeo a Sedena? Esto es lo que sabemos|https://www.merca20.com/que-paso-con-el-segundo-hackeo-a-sedena-esto-es-lo-que-sabemos/|2024-02-29|Merca2.0 Magazine
New CSSF Circular Introduces ICT-related Reporting Obligations For All Regulated Entities Of The Financial Sector - Fund Management/ REITs - Luxembourg|https://www.mondaq.com:443/fund-management-reits/1430068/new-cssf-circular-introduces-ict-related-reporting-obligations-for-all-regulated-entities-of-the-financial-sector|2024-02-29|Mondaq Business Briefing
Italiani a lezione Anti-hacker parte il primo podcast dedicato|https://www.ilgiornale.it/news/politica-economica/italiani-lezione-anti-haker-parte-primo-podcast-dedicato-2290170.html|2024-02-29|il Giornale.it
Urge un superh√©roe cibern√©tico|https://www.milenio.com/opinion/regina-reyes-heroles/vivir-como-reina-gastar-como-plebeya/urge-un-superheroe-cibernetico|2024-02-29|Milenio.com
Happiest Minds partners with Secureworks to deliver next-gen XDR services|https://www.financialexpress.com/business/industry-happiest-minds-partners-with-secureworks-to-deliver-next-gen-xdr-services-3409105/|2024-02-29|The Financial Express
Strahlenschutz-Bundesamt sieht fragilere Lage wegen Ukraine-Krieg|https://www.extremnews.com/nachrichten/politik/35e319780cf2126|2024-02-29|ExtremNews
"Dark Web Market: Over 36 Million AI Services and Gaming Websites Credentials Compromised by Infostealers in Three Years, Says Report | üì≤ LatestLY"|https://www.latestly.com/technology/dark-web-market-over-36-million-ai-services-and-gaming-websites-credentials-compromised-by-infostealers-in-3-years-says-report-5790260.html|2024-02-29|LatestLY
Silicon Labs Powers World's First Native Matter-Over-Thread Smart Locks as Matter Goes Mainstream|https://finance.yahoo.com/news/silicon-labs-powers-worlds-first-050100620.html|2024-02-29|Yahoo! Finance
Ishan Technologies and Versa Networks unite to deliver tailored managed SASE solutions for expanding enterprise market in India - Express Computer|https://www.expresscomputer.in/news/ishan-technologies-and-versa-networks-unite-to-deliver-tailored-managed-sase-solutions-for-expanding-enterprise-market-in-india/109680/|2024-02-29|Express Computer
Business Logic Abuse Dominates as API Attacks Surge|https://www.infosecurity-magazine.com/news/business-logic-abuse-api-attacks/|2024-02-29|Infosecurity Magazine
Schwedens Nato-Beitritt: Russland k√ºndigt Gegenma√ünahmen an|https://www.euractiv.de/section/europa-kompakt/news/schwedens-nato-beitritt-russland-kuendigt-gegenmassnahmen-an/|2024-02-29|EurActiv.de
MORNING BRIEFING - Deutschland/Europa -2-|https://www.finanznachrichten.de/nachrichten-2024-02/61543063-morning-briefing-deutschland-europa-2-015.htm|2024-02-29|FinanzNachrichten.de
20 Countries with Most Blackouts in the World|https://finance.yahoo.com/news/20-countries-most-blackouts-world-071242849.html|2024-02-29|Yahoo! Finance
Why Is a Data-Driven Mindset Key to MSP Growth?|https://www.enterprisetimes.co.uk/2024/02/29/why-is-a-data-driven-mindset-key-to-msp-growth/|2024-02-29|Enterprise Times
¬øHackeo al 'streamer' Werlyb? As√≠ es la nueva campa√±a de Banco Santander sobre ciberseguridad|https://www.larazon.es/hablemos-de-futuro/hackeo-streamer-werlyb-asi-nueva-campana-banco-santander-ciberseguridad_2024022265ce3fc7344c980001a2e10c.html|2024-02-29|La Raz√≥n
Account Takeover Protection: Risks, Targets and Prevention Strategies|https://securityboulevard.com/2024/02/account-takeover-protection-risks-targets-and-prevention-strategies/|2024-02-29|Security Boulevard
Joe Biden Health: President Is 'Fit for Office,' Finds Annual Physical|https://www.latinpost.com/articles/162400/20240229/joe-biden-health-president-fit-office-finds-annual-physical.htm|2024-02-29|Latin Post
"C3.ai (AI) Q3 2024 Earnings Call Transcript | The Motley Fool"|https://www.fool.com/earnings/call-transcripts/2024/02/29/c3ai-ai-q3-2024-earnings-call-transcript/|2024-02-29|The Motley Fool
Pakistani Group Hacks Burger Singh's Website, Company Gives ROFL Reply - News18|https://www.news18.com/viral/pakistani-group-hacks-burger-singhs-website-company-gives-rofl-reply-8797473.html|2024-02-29|News18
In a Crisis, Could China Coerce Taiwan Through Cyberspace?|https://thediplomat.com/2024/02/in-a-crisis-could-china-coerce-taiwan-through-cyberspace/|2024-02-29|The Diplomat Magazine
Over 36 mn AI, gaming credentials compromised by infostealers in 3 yrs: Report - Weekly Voice|https://weeklyvoice.com/over-36-mn-ai-gaming-credentials-compromised-by-infostealers-in-3yrs-report/|2024-02-29|Weekly Voice
Cybersecurity startup successfully monetizes open source and secures funding amid a challenging market|https://www.globalvillagespace.com/tech/cybersecurity-startup-successfully-monetizes-open-source-and-secures-funding-amid-a-challenging-market/|2024-02-29|Global Village Space
FRO - Fourth Quarter and Full Year 2023 Results|https://www.benzinga.com/pressreleases/24/02/g37384525/fro-fourth-quarter-and-full-year-2023-results|2024-02-29|Benzinga
V2X Cybersecurity Market worth $778 million by 2030 - Exclusive Report by MarketsandMarkets‚Ñ¢|https://finance.yahoo.com/news/v2x-cybersecurity-market-worth-778-063000667.html|2024-02-29|Yahoo! Finance
Data storage solution platform Serenity Shield fell victim to a $5.6M hack|https://cryptodaily.co.uk/news-in-crypto/bitcoinik:data-storage-solution-platform-serenity-shield-fell-victim-to-a-5-6m-hack|2024-02-29|cryptodaily.co.uk
V2X Cybersecurity Market worth $778 million by 2030 - Exclusive Report by MarketsandMarkets|https://www.finanznachrichten.de/nachrichten-2024-02/61542384-v2x-cybersecurity-market-worth-dollar-778-million-by-2030-exclusive-report-by-marketsandmarkets-008.htm|2024-02-29|FinanzNachrichten.de
Frontline plc.: FRO - Fourth Quarter and Full Year 2023 Results|https://www.finanznachrichten.de/nachrichten-2024-02/61542367-frontline-plc-fro-fourth-quarter-and-full-year-2023-results-399.htm|2024-02-29|FinanzNachrichten.de
"Morena militarizar√° el internet | El Universal"|https://www.eluniversal.com.mx/opinion/maite-azuela/morena-militarizara-el-internet/|2024-02-29|El Universal
"La Su√®de ""‚Äâsur ses gardes‚Äâ"" apr√®s que la Russie a promis des contre-mesures suite √† son adh√©sion √† l'OTAN"|https://www.euractiv.fr/section/defense/news/la-suede-sur-ses-gardes-apres-que-la-russie-a-promis-des-contre-mesures-suite-a-son-adhesion-a-lotan/|2024-02-29|EURACTIV France
Nonprofits Operating Abroad: Five Key Compliance Strategies - Export Controls & Trade & Investment Sanctions - United States|https://www.mondaq.com/Article/1432414|2024-02-29|Mondaq Business Briefing
Shiv Telegram Media Reports Theft of 6TB Change Healthcare Data by Ransomware Gang|https://sivtelegram.media/shiv-telegram-media-reports-theft-of-6tb-change-healthcare-data-by-ransomware-gang/|2024-02-29|sivtelegram.media
Cobis Topaz, escudo tecnol√≥gico contra delitos de fraude en l√≠nea en Per√∫|https://agenciaorbita.org/2024/02/29/cobis-topaz-escudo-tecnologico-contra-delitos-de-fraude-en-linea-en-peru/|2024-02-29|Agencia de Noticias √ìrbita
C3.ai (AI) Q3 2024 Earnings Call Transcript|https://www.nasdaq.com/articles/c3.ai-ai-q3-2024-earnings-call-transcript|2024-02-29|NASDAQ Stock Market
Election defense 2024.|https://thecyberwire.com/podcasts/caveat/207/notes|2024-02-29|The CyberWire
–£–ª—é–±–ª–µ–Ω—ñ –æ—Å–≤—ñ—Ç–Ω—ñ –∫—É—Ä—Å–∏ —É–∫—Ä–∞—ó–Ω—Ü—ñ–≤ –Ω–∞ –î—ñ—è.–û—Å–≤—ñ—Ç–∞: –ø—ñ–¥–±—ñ—Ä–∫–∞ –¥–æ –î–Ω—è —Ü–∏—Ñ—Ä–æ–≤–æ–≥–æ –Ω–∞–≤—á–∞–Ω–Ω—è|https://hub.obozrevatel.com/ukr/ulyubleni-osvitni-kursi-ukraintsiv-na-diya-osvita-pidbirka-do-dnya-tsifrovogo-navchannya.htm|2024-02-29|HUB OBOZREVATEL
Change Healthcare Cyberattack is Still Disrupting Pharmacies, Other Providers|https://www.claimsjournal.com/news/national/2024/02/29/322252.htm|2024-02-29|Claims Journal
A Cyber Insurance Backstop|https://securityboulevard.com/2024/02/a-cyber-insurance-backstop/|2024-02-29|Security Boulevard
"Gilchrist Mushwana | Can we secure democracy in these times of cyber warfare? | City Press"|https://www.news24.com/citypress/voices/gilchrist-mushwana-can-we-secure-democracy-in-these-times-of-cyber-warfare-20240229|2024-02-29|news24
Erpresserschreiben nach Hackerangriff auf Hochschule Kempten|https://www.br.de/nachrichten/bayern/erpresserschreiben-nach-hackerangriff-auf-hochschule-kempten,U5e2nBw|2024-02-29|Bayerischer Rundfunk
Sweden 'on its toes' after Russian pledges countermeasures over NATO bid|https://www.euractiv.com/section/politics/news/sweden-on-its-toes-after-russian-pledges-countermeasures-over-nato-bid/|2024-02-29|EurActiv.com
Beam Global Goes Global (NASDAQ:BEEM)|https://seekingalpha.com/article/4674645-beam-global-goes-global|2024-02-29|Seeking Alpha
Cybersecurity startup makes open source pay, gains funding in a down market|https://venturebeat.com/security/cybersecurity-startup-makes-open-source-pay-gains-funding-in-a-down-market/|2024-02-29|VentureBeat
Committee of Supply 2024 debate, Day 2: Zaqy Mohamad on 40th anniversary of Total Defence|https://www.channelnewsasia.com/watch/committee-supply-2024-debate-day-2-zaqy-mohamad-40th-anniversary-total-defence-4159001|2024-02-29|CNA
Australian ex-politician became foreign agent, says national spy chief|https://www.laprensalatina.com/australian-ex-politician-became-foreign-agent-says-national-spy-chief/|2024-02-29|La Prensa Latina Media
Decoding Align Technology Inc (ALGN): A Strategic SWOT Insight|https://finance.yahoo.com/news/decoding-align-technology-inc-algn-050640772.html|2024-02-29|Yahoo! Finance
"Enrique Rando, experto en ciberseguridad: ""Estaremos expuestos a gobiernos hostiles que intenten alterar servicios cr√≠ticos"""|https://www.larazon.es/andalucia/malaga/enrique-rando-experto-ciberseguridad-estaremos-expuestos-gobiernos-hostiles-que-intenten-alterar-servicios-criticos_2024022965ddd7244129260001dc3b7e.html|2024-02-29|La Raz√≥n
Burger Singh Website Hacked By Pakistani Group, Company Responds With A Touch Of Humour|https://www.ndtv.com/feature/burger-singh-website-hacked-by-pakistani-group-company-responds-with-a-touch-of-humour-5148222|2024-02-29|NDTV
GetSetUp: Crushing AI Scams with Cyber Security and Fraud Hub|https://aithority.com/ai-machine-learning-projects/getsetup-crushing-ai-scams-with-cyber-security-and-fraud-hub/|2024-02-29|AiThority
Filigran l√®ve 15 millions d'euros pour sa solution de gestion des menaces|https://www.journaldunet.com/cybersecurite/1528333-filigran-leve-15-millions-d-euros-pour-sa-solution-de-gestion-des-menaces-threat-management/|2024-02-29|Le journal du net
Guerre en Ukraine. Avanc√©es russes, cyberattaque au Parlement ukrainien... Le point sur la nuit|https://www.ouest-france.fr/europe/ukraine/guerre-en-ukraine-avancees-russes-cyberattaque-au-parlement-ukrainien-le-point-sur-la-nuit-5f7d75f9-37a2-4b5c-aac5-897de3dff8dc|2024-02-29|Ouest France
ZimVie Reports Fourth Quarter and Full Year 2023 Financial Results|https://forextv.com/top-news/zimvie-reports-fourth-quarter-and-full-year-2023-financial-results/|2024-02-29|ForexTV
Definitive Healthcare Reports Financial Results for Fourth Quarter and Full Fiscal Year 2023|https://forextv.com/top-news/definitive-healthcare-reports-financial-results-for-fourth-quarter-and-full-fiscal-year-2023/|2024-02-29|ForexTV
Colombia fue el pa√≠s con m√°s ciberataques en Am√©rica Latina en 2023, seg√∫n IBM|https://es-us.finanzas.yahoo.com/noticias/colombia-pa%C3%ADs-ciberataques-am%C3%A9rica-latina-040000841.html|2024-02-29|Yahoo Finance
T-Mobile, Ericsson Ink New Partnership for Private Network Technology to Companies|https://www.tmonews.com/2024/02/t-mobile-ericsson-ink-new-partnership-for-private-network-technology-to-companies/|2024-02-29|TmoNews
Gangs taking less than a week to execute a cyber attack - lobby|https://www.the-star.co.ke/business/2024-02-29-gangs-taking-less-than-a-week-to-execute-a-cyber-attack-lobby/|2024-02-29|The Star
NTT DATA strives for advanced solutions to maintain its global leadership|https://www.nationthailand.com/business/tech/40035924|2024-02-29|The Nation Thailand
The drums of US-China cyber war|https://www.zawya.com/en/opinion/economic-insights/the-drums-of-us-china-cyber-war-pww9sz17|2024-02-29|Zawya.com
Parliament's website reportedly hit by cyberattack|https://kyivindependent.com/parliaments-website-reportedly-hit-by-cyberattack/|2024-02-29|The Kyiv Independent
Hackers rusos usan enrutadores comprometidos en ciberataques, seg√∫n alertas internacionales|https://www.surnoticias.com/index.php/187-ciberseguridad/9147-hackers-rusos-usan-enrutadores-comprometidos-en-operaciones-ciberneticas-segun-alertas-internacionales|2024-02-29|Sur Noticias
Part 4: AI Implementation in Transport for Wireless Networks|https://www.thefastmode.com/expert-opinion/35197-part-4-ai-implementation-in-transport-for-wireless-networks|2024-02-29|thefastmode.com
L'avenir des v√©hicules d√©finis par logiciel d√©pendra de la robustesse des r√©seaux|https://www.economiematin.fr/vehicules-definis-logiciel-reseaux-donnees-borst|2024-02-29|Economie Matin
"Tips to protect yourself from text message cyberattacks | Times of Oman"|https://rssfeeds.timesofoman.com//article/138453-tips-to-protect-yourself-from-text-message-cyberattacks|2024-02-29|Times of Oman
GRID DOWN SCENARIO: HELL ON EARTH -- Dr. Jason Dean|https://www.sgtreport.com/2024/02/grid-down-scenario-hell-on-earth-dr-jason-dean/|2024-02-29|SGT Report
‰∏äÊµ∑ÁΩëÁªúÂÆâÂÖ®‰∫ß‰∏öËßÑÊ®°Á™ÅÁ†¥260‰∫øÔºåSoraÁ≠âÊé®Âä®ÁöÑÂ§ßÊ®°ÂûãÁîüÊÄÅÂÆâÂÖ®ÂèóÂÖ≥Ê≥®|https://www.163.com/dy/article/IS40OM1S0534A4SC.html|2024-02-29|163.com
"Western Energy Services Corp. releases fourth quarter and year end 2023 financial and operating results, reducing debt by $17 million in 2023 | BOE Report"|https://boereport.com/2024/02/28/western-energy-services-corp-releases-fourth-quarter-and-year-end-2023-financial-and-operating-results-reducing-debt-by-17-million-in-2023/|2024-02-29|BOE Report
Mitsubishi Electric and Dispel to Expand Operational Technology Security Business|https://www.startup365.fr/mitsubishi-electric-and-dispel-to-expand-operational-technology-security-business/|2024-02-29|startup365.fr
"The State Corporatist Media Coup Revealed. ""Mass Censorship - Weapons of Mass Deletion"" - Russia News Now"|https://therussophile.org/the-state-corporatist-media-coup-revealed-mass-censorship-weapons-of-mass-deletion.html/|2024-02-29|TheRussophiles
C3.ai, Inc. (AI) Q3 2024 Earnings Call Transcript|https://seekingalpha.com/article/4674584-c3-ai-inc-ai-q3-2024-earnings-call-transcript|2024-02-29|Seeking Alpha
Strahlenschutz-Bundesamt sieht fragilere Lage wegen Ukraine-Krieg - Politics, Economy & Finance|https://fundscene.com/strahlenschutz-bundesamt-sieht-fragilere-lage-wegen-ukraine-krieg/|2024-02-29|Politics, Economy & Finance
Human Intelligence Matters in the Era of AI-powered Cybersecurity|https://www.thestandard.com.hk/breaking-news/section/4/213837/Human-Intelligence-Matters-in-the-Era-of-AI-powered-Cybersecurity|2024-02-29|The Standard
Nato concerned over Europe's energy security amid standoff with|https://www.businesstimes.com.sg/international/nato-concerned-over-europes-energy-security-amid-standoff-russia|2024-02-29|The Business Times
Cyberattaque √† l'h√¥pital d'Armenti√®res : 300.000 patients concern√©s par le vol de donn√©es|https://lecourrier.vn/cyberattaque-a-lhopital-darmentieres-300000-patients-concernes-par-le-vol-de-donnees/1227276.html|2024-02-29|lecourrier.vn
"Macron appelle les alli√©s de l'Ukraine √† un ""sursaut"" face au ""durcissement"" de la Russie"|https://fr.news.yahoo.com/ni-r%C3%A9sign%C3%A9s-ni-d%C3%A9faitistes-r%C3%A9union-030748336.html|2024-02-29|Yahoo actualit√©s
Germany models scenario of possible attack on NATO|https://news.yahoo.com/germany-models-scenario-possible-attack-221831214.html|2024-02-29|Yahoo News
NZ Gov Imposes New Sanctions on Russia|https://www.miragenews.com/nz-gov-imposes-new-sanctions-on-russia-1183960/|2024-02-29|Mirage News
AI, sovereignty and Isaac Asimov's warning|https://indianexpress.com/article/opinion/columns/ai-sovereignty-and-isaac-asimovs-warning-9187012/|2024-02-29|The Indian Express
Ransomware Attack on Change Healthcare Disrupts US Pharmacies, Exposing Vulnerabilities in Healthcare Cybersecurity|https://medriva.com/health/ransomware-attack-on-change-healthcare-disrupts-us-pharmacies-exposing-vulnerabilities-in-healthcare-cybersecurity|2024-02-29|Medriva
"Strahlenschutz-Bundesamt sieht fragilere Lage wegen Ukraine-Krieg | Berliner Sonntagsblatt"|https://www.berliner-sonntagsblatt.de/Strahlenschutz-Bundesamt-sieht-fragilere-Lage-wegen-Ukraine-Krieg-304734.html|2024-02-29|Berliner Sonntagsblatt
Costa Rica Issues Warning Over Surge in Deep Fake Video Scams|https://ticotimes.net/2024/02/28/costa-rica-issues-warning-over-surge-in-deep-fake-video-scams|2024-02-29|"The Tico Times | Costa Rica News | Travel | Real Estate"
Cyber Insurance Coverage: Protect Your Business in the Digital Age|https://technologytimes.pk/2024/02/29/cyber-insurance-coverage-protect-your-business-in-the-digital-age/|2024-02-29|Technology Times
No personal info exposed in cybersecurity incident, says Control Board|https://www.reviewjournal.com/business/casinos-gaming/no-personal-info-exposed-in-cybersecurity-incident-says-control-board-3008699/|2024-02-29|Las Vegas Review-Journal
PCG regains full access of hacked Facebook account|https://newsinfo.inquirer.net/1911883/fwd-pcg-on-hacked-facebook-account|2024-02-29|Inquirer.net
PCG recovers Facebook page, identifies 3 hackers|https://www.gmanetwork.com/news/topstories/nation/898996/pcg-recovers-facebook-page-identifies-3-hackers/story/|2024-02-29|GMA Network
UnitedHealth hackers claim to have stolen millions of records: report (NYSE:UNH)|https://seekingalpha.com/news/4073595-unitedhealth-hackers-claim-to-have-stolen-millions-of-records-report|2024-02-29|Seeking Alpha
Fulton County staying tight-lipped as ransom deadline nears|https://www.atlantanewsfirst.com/2024/02/28/fulton-county-staying-tight-lipped-ransom-deadline-nears/|2024-02-29|https://www.atlantanewsfirst.com
Veterans Struggle to Fill Prescriptions After Major Healthcare Technology Company Hack Tricare, covering 9.5 million veterans, impacted by cyber attack on|https://www.bollyinside.com/news/technology/veterans-face-prescription-delays-after-healthcare-technology-company-hack/|2024-02-29|Bollyinside - Breaking & latest News worldwide
La ciberseguridad del futuro: Inteligencia Artificial como aliada - Am√©rica Retail|https://www.america-retail.com/innovacion/la-ciberseguridad-del-futuro-inteligencia-artificial-como-aliada/|2024-02-29|Am√©rica Retail
'The game is back on': How does spying work in Australia?|https://www.theage.com.au/national/the-game-is-back-on-how-does-spying-work-in-australia-20210614-p580tm.html|2024-02-28|The Age
Latest News Risk management software market size to grow by USD 7.37 billion, North America to occupy 31% market share, Technavio - Businessfortnight|https://businessfortnight.com/risk-management-software-market-size-to-grow-by-usd-7-37-billion-north-america-to-occupy-31-market-share-technavio/|2024-02-28|Businessfortnight
Complete Guide to OT Security Compliance|https://securityboulevard.com/2024/02/complete-guide-to-ot-security-compliance/|2024-02-28|Security Boulevard
Column: Cybersecurity, Understanding & More - Bernews|https://bernews.com/2024/02/column-cybersecurity-understanding-more/|2024-02-28|Bernews
Probe as 'potential cybersecurity incident' flagged at Foreign Affairs Dept|https://www.thesun.ie/news/12308863/cybersecurity-breach-foreign-affairs-dept-probe/|2024-02-28|The Irish Sun
Fairway is the latest mortgage company to report cyber incident - HousingWire|https://www.housingwire.com/articles/fairway-is-the-latest-mortgage-company-to-report-cyber-incident/|2024-02-28|HousingWire
Change Healthcare cyberattack continues to impact Ky. pharmacies|https://www.wkyt.com/2024/02/28/change-healthcare-cyberattack-continues-impact-ky-pharmacies/|2024-02-28|https://www.wkyt.com
Cyberattack on insurance giant disrupting business for doctors, therapists|https://www.aol.com/finance/cyberattack-insurance-giant-disrupting-business-193316409.html|2024-02-28|Aol
M√°s de 60 empresarios beneficiados con la Cyberweek para prevenir ataques digitales|https://www.elsalvador.com/noticias/negocios/camarasal-cyberweek-seguridad-empresarial/1125934/2024/|2024-02-28|Noticias de El Salvador - elsalvador.com
Ericsson and T-Mobile Team-up to Help Boost Enterprise 5G Laptop Connectivity and Security|https://www.eagletribune.com/region/ericsson-and-t-mobile-team-up-to-help-boost-enterprise-5g-laptop-connectivity-and-security/article_67da4c56-8617-58ed-974a-2183487702cf.html|2024-02-28|Eagle-Tribune
Microsoft Defender blocks Anydesk clients (since 28 February 2024)|https://borncity.com/win/2024/02/29/microsoft-defender-blocks-anydesk-clients-since-28-february-2024/|2024-02-28|borncity.com
Majority of manufacturers grapple with underperforming cyber security providers, finds new report - The Manufacturer|https://www.themanufacturer.com/articles/majority-of-manufacturers-grapple-with-underperforming-cyber-security-providers-finds-new-report/|2024-02-28|The Manufacturer
DOE, NARUC publish cybersecurity 'baselines' for utilities, distributed energy resources|https://finance.yahoo.com/news/doe-naruc-publish-cybersecurity-baselines-103016484.html|2024-02-28|Yahoo! Finance
Probe into potential cybersecurity breach at Department of Foreign Affairs|https://www.irishexaminer.com/news/arid-41342261.html|2024-02-28|Irish Examiner
Kokua Line: Who do I call about car blocking fire hydrant?|https://news.yahoo.com/kokua-line-call-car-blocking-223100553.html|2024-02-28|Yahoo News
[Publireportage] Les bonnes pratiques pour prot√©ger vos donn√©es personnelles sur Internet|https://www.nouvelobs.com/bons-plans/20240228.OBS85075/publireportage-les-bonnes-pratiques-pour-proteger-vos-donnees-personnelles-sur-internet.html|2024-02-28|L'Obs
"Best Secure Access Service Edge Platforms in 2024 | TechRepublic"|https://www.techrepublic.com/article/secure-access-service-edge-platforms/|2024-02-28|TechRepublic
Ven ciberseguridad como gran reto de entidades financieras  --  El Nacional|https://elnacional.com.do/ven-ciberseguridad-como-gran-reto-de-entidades-financieras/|2024-02-28|El Nacional
Cyber attack affects numerous services at most Nebraska state hospital|https://www.ketv.com/article/nebraska-state-hospitals-affected-by-cyber-attack/60012935|2024-02-28|KETV
PolitiFact - Bad connection: Solar flares didn't cause AT&T's cellphone outage|https://www.politifact.com/factchecks/2024/feb/28/instagram-posts/bad-connection-solar-flares-didnt-cause-atts-cellp/|2024-02-28|Politi Fact
DOE Backs Cyber Tool Development Projects to Boost Energy Sector Resilience|https://executivegov.com/2024/02/doe-backs-cyber-tool-development-projects-to-boost-energy-sector-resilience/|2024-02-28|Executive Gov
Materials Up on Rate Optimism -- Materials Roundup|https://www.marketscreener.com/quote/stock/THYSSENKRUPP-AG-436698/news/Materials-Up-on-Rate-Optimism-Materials-Roundup-46054929/|2024-02-28|Market Screener
Flood of Chinese illegals could be spies targeting U.S. infrastructure|https://www.oann.com/video/pearsonsharpreports/flood-of-chinese-illegals-could-be-spies-targeting-u-s-infrastructure/|2024-02-28|One America News Network
Notorious ransomware group claims responsibility for attacks roiling US pharmacies|https://cyberscoop.com/ransomware-alphv-healthcare-pharmacies/|2024-02-28|CyberScoop
"Russia running ""hybrid"" war against Italy ahead of election - intelligence"|https://www.ukrinform.net/rubric-polytics/3833554-russia-running-hybrid-war-against-italy-ahead-of-election-intelligence.html|2024-02-28|Ukrinform-EN
Massive cyberattack hits U.S. Big Pharma leaving tens of thousands of prescriptions unfilled   - NaturalNews.com|https://www.naturalnews.com/2024-02-28-cyberattack-hits-big-pharma-leaving-prescriptions-unfilled.html|2024-02-28|NaturalNews.com
Study reveals shortage of cybersecurity professionals|https://www.sunstar.com.ph/cebu/study-reveals-shortage-of-cybersecurity-professionals|2024-02-28|Sun.Star Network Online
READ MORE|https://www.nationaldefensemagazine.org/articles/2024/2/28/algorithmic-warfare-defense-cyber-hub-receives-major-refresh|2024-02-28|National Defense
FirstNet outage concern for some law enforcement leaders - Mix 102.7 WCPZ|https://mix1027.com/uncategorized/firstnet-outage-concern-for-some-law-enforcement-leaders/|2024-02-28|WCPZ
Cybercriminal Group Claims Responsibility For Change Healthcare Attack|https://www.crn.com/news/security/2024/cybercriminal-group-claims-responsibility-for-change-healthcare-attack|2024-02-28|CRN
HSCC publishes 5-year healthcare cybersecurity strategic plan|https://www.healthcareitnews.com/news/hscc-publishes-5-year-healthcare-cybersecurity-strategic-plan|2024-02-28|Healthcare IT News
FirstNet outage concern for some law enforcement leaders|https://www.mycentraloregon.com/2024/02/28/firstnet-outage-concern-for-some-law-enforcement-leaders/|2024-02-28|MyCentralOregon.com
IBM's AI-enhanced storage platform can identify ransomware in under a minute|https://www.techspot.com/news/102067-ibm-ai-enhanced-storage-platform-can-identify-ransomware.html|2024-02-28|TechSpot
ALPHV/BlackCat hits healthcare after retaliation threat, FBI says|https://www.scmagazine.com/news/alphv-blackcat-hits-healthcare-after-retaliation-threat-fbi-says|2024-02-28|SC Media
L'importateur en carburants d'E. Leclerc victime d'un piratage informatique|https://www.letelegramme.fr/economie/toute-l-actualite/limportateur-en-carburants-de-leclerc-victime-dun-piratage-informatique-3722784.php|2024-02-28|Le Telegramme
Evening Update: Winnipeg scientists fired for providing confidential information to China|https://www.theglobeandmail.com/canada/article-evening-update-winnipeg-scientists-fired-for-providing-confidential/|2024-02-28|The Globe and Mail
PCG asks US Embassy to help track FB hackers|https://newsinfo.inquirer.net/1911776/pcg-asks-us-embassy-to-help-track-fb-hackers|2024-02-28|Inquirer.net
Greif Reports First Quarter 2024 Results|https://www.eagletribune.com/region/greif-reports-first-quarter-2024-results/article_02c70658-192b-54d5-896a-f4352459e906.html|2024-02-28|Eagle-Tribune
–ó–ª–∞–º —Å–∞–π—Ç—É –í–µ—Ä—Ö–æ–≤–Ω–æ—ó —Ä–∞–¥–∏ –£–∫—Ä–∞—ó–Ω–∏ - —Ç–µ–ª–µ–≥—Ä–∞–º-–∫–∞–Ω–∞–ª –≤–∏–¥–∞–≤ –ø–æ—Å–∏–ª–∞–Ω–Ω—è –Ω–∞ –Ω–µ–∑—Ä–æ–∑—É–º—ñ–ª–∏–π —Ç–µ–ª–µ–≥—Ä–∞–º-–∫–∞–Ω–∞–ª|https://focus.ua/uk/ukraine/629971-u-radi-zayavili-shcho-sayt-parlamentu-zlamali-nevidomi-shcho-vidomo-skrinshoti|2024-02-28|–§–û–ö–£–°
Phishing attacks hit fewer firms but majority of workers negligent of cybersecurity risks|https://sbr.com.sg/information-technology/news/phishing-attacks-hit-fewer-firms-majority-workers-negligent-cybersecurity-risks|2024-02-28|Singapore Business Review
Arctic Wolf Reveals Ransomware Demands Up 20%|https://www.msptoday.com/topics/msp-today/articles/458834-arctic-wolf-reveals-ransomware-demands-up-20.htm|2024-02-28|msptoday.com
"ASIO boss warns of ""crack cyber teams"" scanning critical networks"|https://www.itnews.com.au/news/asio-boss-warns-of-crack-cyber-teams-scanning-critical-networks-605594|2024-02-28|iTnews
Upward+trend+in+tech-related+litigation+means+tighter+data+control+for+companies|https://idahobusinessreview.com/2024/02/28/upward-trend-in-tech-related-litigation-means-tighter-data-control-for-companies/|2024-02-28|Idaho Business Review
Veterans struggling to fill prescriptions after hack of major healthcare technology company|https://www.actionnewsjax.com/news/local/veterans-struggling-fill-prescriptions-after-hack-major-healthcare-technology-company/WTBIIGOTPRFXDLUQUIHNLIP3GM/|2024-02-28|WJAX
MIL-OSI: HP Inc. Reports Fiscal 2024 First Quarter Results|https://foreignaffairs.co.nz/2024/02/29/mil-osi-hp-inc-reports-fiscal-2024-first-quarter-results-2/|2024-02-28|foreignaffairs.co.nz
COMPX REPORTS FOURTH QUARTER 2023 RESULTS - Compx Intl (AMEX:CIX)|https://www.benzinga.com/pressreleases/24/02/g37376748/compx-reports-fourth-quarter-2023-results|2024-02-28|Benzinga
–í—Ç—Ä—É—á–∞–Ω–Ω—è —Ä–æ—Å—ñ—ó —É –∞–º–µ—Ä–∏–∫–∞–Ω—Å—å–∫—ñ –≤–∏–±–æ—Ä–∏ 2024 —Ä–æ–∫—É –≤–∂–µ –ø–æ—á–∞–ª–æ—Å—è. –°–®–ê –æ—Å—Ç–µ—Ä—ñ–≥–∞—é—Ç—å—Å—è –¥—ñ–ø—Ñ–µ–π–∫—ñ–≤ - NBC News|http://ipress.ua/articles/vtruchannya_rosii_u_amerykanski_vybory_2024_roku_vzhe_pochalosya_ssha_osterigayutsya_dipfeykiv__nbc_news_354408.html|2024-02-28|ipress.ua
White House Tells DOJ to Beef up Data Protections|https://www.pymnts.com/cybersecurity/2024/white-house-tells-justice-department-beef-up-data-protections/|2024-02-28|PYMNTS.com
FIGS Releases Fourth Quarter and Full Year 2023 Financial Results|https://www.marketscreener.com/quote/stock/FIGS-INC-123103156/news/FIGS-Releases-Fourth-Quarter-and-Full-Year-2023-Financial-Results-46054238/|2024-02-28|Market Screener
Chinese hackers infiltrating America's critical infrastructure|https://www.washingtontimes.com/news/2024/feb/28/chinese-hackers-infiltrating-americas-critical-inf/|2024-02-28|Washington Times
"Cyberangriffe verhindern, ein Workshop der Verbraucherzentrale in H√∂xter | OWZ zum Sonntag"|https://www.owz-zum-sonntag.de/cyberangriffe-verhindern-ein-workshop-der-verbraucherzentrale-in-hoexter/cnt-id-ps-d5f0ca12-f266-4bae-a155-8984d81aae30|2024-02-28|OWZ zum Sonntag
Proclaman haber robado casi 200 GB a Epic Games... pero este nuevo grupo de cibercriminales genera dudas entre los expertos|https://www.genbeta.com/seguridad/proclaman-haber-robado-casi-200-gb-a-epic-games-este-nuevo-grupo-cibercriminales-genera-dudas-expertos|2024-02-28|Genbeta
What the AT&T Outage Can Teach Organizations About Customer Communication and IT Best Practices|https://www.techrepublic.com/article/att-outage/|2024-02-28|TechRepublic
La carta de la herencia inesperada: nueva estafa de la que alerta la Guardia Civil|https://www.infobae.com/espana/2024/02/28/la-carta-de-la-herencia-inesperada-nueva-estafa-de-la-que-alerta-la-guardia-civil/|2024-02-28|infobae
MIL-OSI USA: NEWS RELEASE: SBA AWARDS CYBER ASSISTANCE GRANT TO DBEDT|https://foreignaffairs.co.nz/2024/02/29/mil-osi-usa-news-release-sba-awards-cyber-assistance-grant-to-dbedt/|2024-02-28|foreignaffairs.co.nz
Welch plant in North East restarts after cyber attack shuts facility down for 3 weeks|https://news.yahoo.com/welch-plant-north-east-restarts-195851028.html|2024-02-28|Yahoo News
Is Now the Right Time for a Ransomware Payment Ban?|https://www.govtech.com/security/is-now-the-right-time-for-a-ransomware-payment-ban|2024-02-28|Government Technology
Privacy class action over unauthorized voiceprint collection to proceed against Meta|https://www.courthousenews.com/privacy-class-action-over-unauthorized-voiceprint-collection-to-proceed-against-meta/|2024-02-28|Court House News Service
Seeking to Unsettle Russia, Macron Provokes Allies|https://news.yahoo.com/seeking-unsettle-russia-macron-provokes-184749798.html|2024-02-28|Yahoo News
CrowdSrike Stock Is up 167% in the Last Year: Here's Why Even More Is Coming|https://www.fool.ca/2024/02/28/crowdsrike-stock-is-up-167-in-the-last-year-heres-why-even-more-is-coming/|2024-02-28|The Motley Fool Canada
SonicWall Reveals Surge in Cyberattacks|https://www.msptoday.com/topics/msp-today/articles/458833-sonicwall-reveals-surge-cyberattacks.htm|2024-02-28|msptoday.com
"L'association Sidaction touch√©e par une cyberattaque, avec ""un risque √©ventuel de divulgation de donn√©es personnelles de certains donateurs"""|https://www.francetvinfo.fr/internet/securite-sur-internet/cyberattaques/l-association-sidaction-touchee-par-une-cyberattaque-avec-un-risque-eventuel-de-divulgation-de-donnees-personnelles-de-certains-donateurs_6393982.html|2024-02-28|Franceinfo
Fairway hit with cyber attack in December|https://www.nationalmortgagenews.com/news/fairway-hit-with-cyber-attack-in-december|2024-02-28|National Mortgage News
MIL-OSI USA: Senator Markey Urges FTC to Investigate Invasive Data Privacy Practices of Automakers|https://foreignaffairs.co.nz/2024/02/29/mil-osi-usa-senator-markey-urges-ftc-to-investigate-invasive-data-privacy-practices-of-automakers/|2024-02-28|foreignaffairs.co.nz
Cyberattaque √† l'h√¥pital d'Armenti√®res : 300 000 patients concern√©s par le vol de donn√©es|https://www.nouvelobs.com/societe/20240228.OBS85070/cyberattaque-a-l-hopital-d-armentieres-300-000-patients-concernes-par-le-vol-de-donnees.html|2024-02-28|L'Obs
–û—Ñ—ñ—Ü—ñ–π–Ω–∏–π —Å–∞–π—Ç –í–µ—Ä—Ö–æ–≤–Ω–æ—ó —Ä–∞–¥–∏ –∑–ª–∞–º–∞–ª–∏|https://www.rbc.ua/rus/news/ofitsiyniy-sayt-verhovnoyi-radi-zlamali-1709151244.html|2024-02-28|–†–ë–ö-–£–∫—Ä–∞–∏–Ω–∞
Cyberattack is affecting many Nebraska hospitals|https://omaha.com/news/state-regional/cyberattack-is-affecting-many-nebraska-hospitals/article_840e56d7-6404-5807-9311-a21af7aa4c61.html|2024-02-28|Omaha.com
Russian space nuke wouldn't alter US orbital-network plans, Space Force says|https://www.nextgov.com/defense/2024/02/russian-space-nuke-wouldnt-alter-us-orbital-network-plans-space-force-says/394539/|2024-02-28|Nextgov
ARAX and LCC Leading the Way with Financial Innovation in Democratized Life Settlement Contracts|https://kalkinemedia.com/news/world-news/arax-and-lcc-leading-the-way-with-financial-innovation-in-democratized-life-settlement-contracts|2024-02-28|Kalkine Media
MSSP Market News: Exabeam, Fortra, Blumira|https://www.msspalert.com/news/mssp-market-news-exabeam-fortra-blumira|2024-02-28|MSSP Alert
Cyberattack on insurance giant disrupting business for doctors, therapists - KION546|https://kion546.com/money/cnn-business-consumer/2024/02/28/cyberattack-on-insurance-giant-disrupting-business-for-doctors-therapists/|2024-02-28|KION546
Why is the Secretary of the Security Council of Russia in Nicaragua?|https://www.laprensani.com/2024/02/28/english/3285636-why-is-the-secretary-of-the-security-council-of-russia-in-nicaragua|2024-02-28|La Prensa
Cyberattack is affecting 'majority' of Nebraska hospitals|https://journalstar.com/news/local/business/health-care/cyberattack-is-affecting-majority-of-nebraska-hospitals/article_e5d59694-d661-11ee-9021-177453b4fe44.html|2024-02-28|JournalStar.com
"New version of ALPHV/BlackCat ransomware hits victims | Computer We..."|https://www.computerweekly.com/news/366571701/New-version-of-ALPHV-BlackCat-ransomware-hits-victims|2024-02-28|Computer Weekly
FBI: Russian hackers are using these routers as part of their covert cyber attacks|https://www.itpro.com/security/fbi-russian-hackers-are-using-these-routers-as-part-of-their-covert-cyber-attacks|2024-02-28|ITProUK
Patients still can't fill prescriptions a week after cyber attack|https://www.dailymail.co.uk/health/article-13128257/life-saving-cancer-drugs-cyberattack-health-insurer.html|2024-02-28|Daily Mail Online
300.000 patients concern√©s par le vol de donn√©es apr√®s une cyberattaque|https://www.20minutes.fr/faits_divers/4078830-20240228-nord-300-000-patients-concernes-vol-donnees-apres-cyberattaque|2024-02-28|20minutes
The truth about Canada's weapons exports to Israel ‚ãÜ The Breach|https://breachmedia.ca/canada-weapons-exports-israel-gaza-2023/|2024-02-28|The Breach
Automotive-Bereich von Thyssenkrupp Opfer von Cyberangriff|https://www.finanznachrichten.de/nachrichten-2024-02/61538580-automotive-bereich-von-thyssenkrupp-opfer-von-cyberangriff-015.htm|2024-02-28|FinanzNachrichten.de
Iranian Hackers Target Israeli And UAE Defense Firms|https://www.iranintl.com/en/202402287988|2024-02-28|ÿß€åÿ±ÿßŸÜ ÿß€åŸÜÿ™ÿ±ŸÜÿ¥ŸÜÿßŸÑ
Cyberangriff auf thyssenkrupp: Automotive-Bereich betroffen|https://www.finanzen.at/nachrichten/aktien/cyberangriff-auf-thyssenkrupp-automotive-bereich-betroffen-1033114626|2024-02-28|finanzen.at
Cyberattaque √† l'h√¥pital d'Armenti√®res : le vol de donn√©es concerne 300 000 patients|https://kulturegeek.fr/news-305853/cyberattaque-lhopital-darmentieres-vol-donnees-concerne-300-000-patients|2024-02-28|KultureGeek
India-US defence meet: Security cooperation, intelligence sharing discussed|https://arunachaltimes.in/index.php/2024/02/29/india-us-defence-meet-security-cooperation-intelligence-sharing-discussed/|2024-02-28|arunachaltimes.in
Apple products, including Vision Pro, still available in Russia despite company's export ban: report|https://finance.yahoo.com/news/apple-products-including-vision-pro-172834629.html|2024-02-28|Yahoo! Finance
Sidaction annonce avoir √©t√© victime d'une cyberattaque, les donn√©es personnelles des donateurs vis√©es|https://fr.news.yahoo.com/sidaction-annonce-avoir-%C3%A9t%C3%A9-victime-191853025.html|2024-02-28|Yahoo actualit√©s
thyssenkrupp: Produktion nach Cyberangriff teilweise beeintr√§chtigt|https://www.finanzen.ch/nachrichten/aktien/thyssenkrupp-produktion-nach-cyberangriff-teilweise-beeintrachtigt-1033114625|2024-02-28|finanzen.ch
"Cyberattack on health insurance IT giant continues to disrupt business for doctors, therapists | CNN Business"|https://www.cnn.com/2024/02/28/tech/cyberattack-health-insurance-doctors-therapists/index.html|2024-02-28|CNN
Cyberattaque : Le Sidaction touch√© par un vol de donn√©es personnelles|https://www.cnews.fr/france/2024-02-28/cyberattaque-le-sidaction-touche-par-un-vol-de-donnees-personnelles-1460703|2024-02-28|CNEWS
Navegue Seguro: Dicas para Usar Wi-Fi P√∫blico sem Riscos!|https://capitalist.com.br/navegue-seguro-dicas-para-usar-wi-fi-publico-sem-riscos/|2024-02-28|Capitalist
Biden Bans Rival Nations From Buying Sensitive US Data -- Good Luck|https://www.wired.com/story/biden-data-broker-executive-order/|2024-02-28|Wired
TSX Composite Index (TXCX) Quote - Press Release|https://www.theglobeandmail.com/investing/markets/indices/TXCX/pressreleases/24400890/why-the-growth-of-ai-should-benefit-cybersecurity/|2024-02-28|The Globe and Mail
China's UN Plea: Safeguarding Non-Nuclear States From Nuclear Threats - OtakuKart|https://otakukart.com/chinas-un-plea-safeguarding-non-nuclear-states-from-nuclear-threats/|2024-02-28|OtakuKart
Sidaction vis√© par une cyberattaque : l'association s'inqui√®te d'un vol de coordonn√©es bancaires|https://www.capital.fr/economie-politique/sidaction-vise-par-une-cyberattaque-lassociation-s-inquiete-d-un-vol-de-coordonnees-bancaires-1492976|2024-02-28|Capital.fr
Sidaction victime d'une cyberattaque, les donn√©es personnelles des donateurs vis√©es|https://www.huffingtonpost.fr/france/article/sidaction-annonce-avoir-ete-victime-d-une-cyberattaque-les-donnees-personnelles-des-donateurs-visees_230520.html|2024-02-28|Le Huffington Post
Cyberattack Stalls Prescription Dispensing at UnitedHealth|https://www.medicinenet.com/cyberattack_stalls_prescriptions_at_unitedhealth/news.htm|2024-02-28|MedicineNet
Le Sidaction touch√© par une cyberattaque|https://marine-oceans.com/actualites/le-sidaction-touche-par-une-cyberattaque/|2024-02-28|marine-oceans.com
Companies need to recalibrate their approach to effectively protect data|https://www.itrportal.com/articles/2024/02/28/companies-need-to-recalibrate-their-approach-to-effectively-protect-data/|2024-02-28|IT Reseller Magazine
Laurentian's cyber hack: Expert says recovery can be lengthy process|https://www.sudbury.com/local-news/laurentians-cyber-hack-expert-says-recovery-can-be-lengthy-process-8370272|2024-02-28|Sudbury.com
Pharmacies across the state are still reeling from a cyber attack on medical software provider Change Healthcare|https://ksltv.com/626319/pharmacies-across-the-state-are-still-reeling-from-a-cyber-attack-on-medical-software-provider-change-healthcare/|2024-02-28|KSLTV.com
Cencora reports data exfiltration in cyberattack on pharmaceutical giant|https://www.scmagazine.com/news/cencora-reports-data-exfiltration-in-cyberattack-on-pharmaceutical-giant|2024-02-28|SC Media
Cyberattaque √† l'h√¥pital d'Armenti√®res: 300.000 patients concern√©s par le vol de donn√©es|https://information.tv5monde.com/science/cyberattaque-lhopital-darmentieres-300000-patients-concernes-par-le-vol-de-donnees-2711963|2024-02-28|TV5MONDE
Cyberattaque dans un h√¥pital: vol de donn√©es de 300'000 patients|https://www.lematin.ch/story/france-cyberattaque-dans-un-hopital-vol-de-donnees-de-300000-patients-103053022|2024-02-28|Le Matin
NLNG advocates enhanced digitalisation in the Nigerian energy sector|https://championnews.com.ng/nlng-advocates-enhanced-digitalisation-in-the-nigerian-energy-sector/|2024-02-28|Champion Newspapers Limited
Top Stock Movers Now: UnitedHealth, eBay, Axon, and More|https://www.investopedia.com/top-stock-movers-now-unitedhealth-ebay-axon-and-more-8601569|2024-02-28|Investopedia
Surveying the Trends & Horizons in OT/ICS Cybersecurity|https://www.sdmmag.com/articles/102888-surveying-the-trends-and-horizons-in-ot-ics-cybersecurity|2024-02-28|Security Distributing & Marketing Magazine
"Krieg mit Russland f√ºr Schweden und Norwegen ""nicht mehr abstrakt"""|https://www.fr.de/politik/krieg-russland-putin-norwegen-schweden-nato-litauen-baltikum-ukraine-92860717.html|2024-02-28|Frankfurter Rundschau
Healthcare Faces Uncertainty Amid Change Healthcare Cyberattack|https://healthitsecurity.com/features/healthcare-faces-uncertainty-amid-change-healthcare-cyberattack|2024-02-28|HealthITSecurity.com
SCM, UKRAINE'S LARGEST BUSINESS GROUP, HAS PROVIDED EXTENSIVE SUPPORT TO URKAINE AND UKRAINIANS DURING THE WAR|https://kalkinemedia.com/news/world-news/scm-ukraines-largest-business-group-has-provided-extensive-support-to-urkaine-and-ukrainians-during-the-war|2024-02-28|Kalkine Media
