name|slug|lastscrape|profile
marketo|http://marketojbwagqnwx.onion|2021-05-01 00:00:00.000000|https://www.digitalshadows.com/blog-and-research/marketo-a-return-to-simple-extortion, https://securityaffairs.co/wordpress/121617/cyber-crime/puma-available-marketo.html, https://t.me/marketo_leaks, https://t.me/marketocloud
marketo|http://g5sbltooh2okkcb2.onion|2021-05-01 00:00:00.000000|https://www.digitalshadows.com/blog-and-research/marketo-a-return-to-simple-extortion, https://securityaffairs.co/wordpress/121617/cyber-crime/puma-available-marketo.html, https://t.me/marketo_leaks, https://t.me/marketocloud
marketo|http://fvki3hj7uxuirxpeop6chgqoczanmebutznt2mkzy6waov6w456vjuid.onion|2021-10-04 08:05:02.379121|https://www.digitalshadows.com/blog-and-research/marketo-a-return-to-simple-extortion, https://securityaffairs.co/wordpress/121617/cyber-crime/puma-available-marketo.html, https://t.me/marketo_leaks, https://t.me/marketocloud
marketo|http://jvdamsif53dqjycuozlaye2s47p7xij4x6hzwzwhzrqmv36gkyzohhqd.onion|2022-03-14 05:12:43.980505|https://www.digitalshadows.com/blog-and-research/marketo-a-return-to-simple-extortion, https://securityaffairs.co/wordpress/121617/cyber-crime/puma-available-marketo.html, https://t.me/marketo_leaks, https://t.me/marketocloud
synack|http://xqkz2rmrqkeqf6sjbrb47jfwnqxcd4o2zvaxxzrpbh2piknms37rw2ad.onion/|2021-08-18 00:02:29.699387|https://www.zdnet.com/article/synack-ransomware-group-releases-decryption-keys-as-they-rebrand-to-el-cometa
suncrypt|http://x2miyuiwpib2imjr5ykyjngdu7v6vprkkhjltrk4qafymtawey4qzwid.onion/|2022-12-11 02:30:58.172802|https://www.tetradefense.com/incident-response-services/cause-and-effect-suncrypt-ransomware-analysis, https://www.intezer.com/blog/malware-analysis/when-viruses-mutate-did-suncrypt-ransomware-evolve-from-qnapcrypt, https://medium.com/s2wblog/case-analysis-of-suncrypt-ransomware-negotiation-and-bitcoin-transaction-43a2194ac0bc
suncrypt|http://nbzzb6sa6xuura2z.onion|2021-05-01 00:00:00.000000|https://www.tetradefense.com/incident-response-services/cause-and-effect-suncrypt-ransomware-analysis, https://www.intezer.com/blog/malware-analysis/when-viruses-mutate-did-suncrypt-ransomware-evolve-from-qnapcrypt, https://medium.com/s2wblog/case-analysis-of-suncrypt-ransomware-negotiation-and-bitcoin-transaction-43a2194ac0bc
lv|http://rbvuetuneohce3ouxjlbxtimyyxokb4btncxjbo44fbgxqy7tskinwad.onion/api/posts/1|2022-12-10 18:10:34.549077|https://www.secureworks.com/research/lv-ransomware, https://securityaffairs.co/wordpress/119306/malware/lv-ransomware-repurposed-revil-binary.html
lv|http://4qbxi3i2oqmyzxsjg4fwe4aly3xkped52gq5orp6efpkeskvchqe27id.onion/|2021-12-02 13:09:34.120074|https://www.secureworks.com/research/lv-ransomware, https://securityaffairs.co/wordpress/119306/malware/lv-ransomware-repurposed-revil-binary.html
lorenz|http://lorenzmlwpzgxq736jzseuterytjueszsvznuibanxomlpkyxk6ksoyd.onion/|2024-02-16 08:08:15.776083|https://www.zdnet.com/article/lorenz-ransomware-attack-victims-can-now-retrieve-their-files-for-free-with-this-decryption-tool, https://www.cybertalk.org/the-worst-outcomes-lorenz-ransomware-a-new-double-extortion-strategy
lockbit2|http://zqaflhty5hyziovsxgqvj2mrz5e5rs6oqxzb54zolccfnvtn5w2johad.onion|2021-11-21 19:05:47.855283|https://threatpost.com/lockbit-ransomware-proliferates-globally/168746, https://www.trendmicro.com/en_us/research/21/h/lockbit-resurfaces-with-version-2-0-ransomware-detections-in-chi.html, https://www.cyber.gov.au/acsc/view-all-content/advisories/2021-006-acsc-ransomware-profile-lockbit-20
lockbit2|http://yq43odyrmzqvyezdindg2tokgogf3pn6bcdtvgczpz5a74tdxjbtk2yd.onion|2022-06-17 16:10:31.959558|https://threatpost.com/lockbit-ransomware-proliferates-globally/168746, https://www.trendmicro.com/en_us/research/21/h/lockbit-resurfaces-with-version-2-0-ransomware-detections-in-chi.html, https://www.cyber.gov.au/acsc/view-all-content/advisories/2021-006-acsc-ransomware-profile-lockbit-20
lockbit2|http://oyarbnujct53bizjguvolxou3rmuda2vr72osyexngbdkhqebwrzsnad.onion|2022-06-17 16:10:49.901813|https://threatpost.com/lockbit-ransomware-proliferates-globally/168746, https://www.trendmicro.com/en_us/research/21/h/lockbit-resurfaces-with-version-2-0-ransomware-detections-in-chi.html, https://www.cyber.gov.au/acsc/view-all-content/advisories/2021-006-acsc-ransomware-profile-lockbit-20
lockbit2|http://lockbitaptstzf3er2lz6ku3xuifafq2yh5lmiqj5ncur6rtlmkteiqd.onion|2022-06-17 16:11:05.604979|https://threatpost.com/lockbit-ransomware-proliferates-globally/168746, https://www.trendmicro.com/en_us/research/21/h/lockbit-resurfaces-with-version-2-0-ransomware-detections-in-chi.html, https://www.cyber.gov.au/acsc/view-all-content/advisories/2021-006-acsc-ransomware-profile-lockbit-20
lockbit2|http://lockbitaptq7ephv2oigdncfhtwhpqgwmqojnxqdyhprxxfpcllqdxad.onion|2022-06-17 16:11:23.690546|https://threatpost.com/lockbit-ransomware-proliferates-globally/168746, https://www.trendmicro.com/en_us/research/21/h/lockbit-resurfaces-with-version-2-0-ransomware-detections-in-chi.html, https://www.cyber.gov.au/acsc/view-all-content/advisories/2021-006-acsc-ransomware-profile-lockbit-20
hiveleak|http://hiveleakdbtnp76ulyhi52eag6c6tyc3xw7ez7iqy6wc34gd2nekazyd.onion/|2023-05-26 14:05:14.664396|https://inf.news/en/tech/c28d9382ab78a5ac3d8fc802f3f0f1e0.html, https://www.healthcareitnews.com/news/fbi-issues-alert-about-hive-ransomware, https://blogs.blackberry.com/en/2021/07/threat-thursday-hive-ransomware
hiveleak|http://hivecust6vhekztbqgdnkks64ucehqacge3dij3gyrrpdp57zoq3ooqd.onion|2023-05-26 14:05:18.000805|https://inf.news/en/tech/c28d9382ab78a5ac3d8fc802f3f0f1e0.html, https://www.healthcareitnews.com/news/fbi-issues-alert-about-hive-ransomware, https://blogs.blackberry.com/en/2021/07/threat-thursday-hive-ransomware
hiveleak|http://hiveapi4nyabjdfz2hxdsr7otrcv6zq6m4rk5i2w7j64lrtny4b7vjad.onion/v1/companies/disclosed|2023-05-26 14:05:21.959080|https://inf.news/en/tech/c28d9382ab78a5ac3d8fc802f3f0f1e0.html, https://www.healthcareitnews.com/news/fbi-issues-alert-about-hive-ransomware, https://blogs.blackberry.com/en/2021/07/threat-thursday-hive-ransomware
arvinclub|http://3kp6j22pz3zkv76yutctosa6djpj4yib2icvdqxucdaxxedumhqicpad.onion/|2022-08-01 20:10:19.375118|http://t.me/arvin_club, https://sosintel.co.uk/a-special-investigation-exposing-a-ransomware-groups-clear-web-ip-and-their-duplicate-identities/, D6164C90642CD93D9D3F353511B4BDBD1428309C90CDE13D3D7088AA5BE3010A52E485834E84
arvinclub|http://arvinc7prj6ln5wpd6yydfqulsyepoc7aowngpznbn3lrap2aib6teid.onion/|2023-11-06 02:15:07.495870|http://t.me/arvin_club, https://sosintel.co.uk/a-special-investigation-exposing-a-ransomware-groups-clear-web-ip-and-their-duplicate-identities/, D6164C90642CD93D9D3F353511B4BDBD1428309C90CDE13D3D7088AA5BE3010A52E485834E84
avoslocker|http://avosqxh72b5ia23dl5fgwcpndkctuzqvh2iefk5imp3pi5gfhel5klad.onion/|2023-07-08 00:15:36.808827|https://blog.cyble.com/2021/07/23/deep-dive-analysis-avoslocker-ransomware, https://blog.malwarebytes.com/threat-intelligence/2021/07/avoslocker-enters-the-ransomware-scene-asks-for-partners, previous parser: c2VkIC1uIC1lICdzL14uKmFyaWEtaGlkZGVuPSJ0cnVlIj48XC9pPiAvL3AnIHNvdXJjZS9hdm9zbG9ja2VyLSouaHRtbCB8IGN1dCAtZCAiPCIgLWYx, previous parser: ZWdyZXAgLW8gJ3RpdGxlPSIoW1s6YWxudW06XV18IHxcLikrIicgc291cmNlL2F2b3Nsb2NrZXItKi5odG1sIHwgY3V0IC1kICciJyAtZjI=
avoslocker|http://avosjon4pfh3y7ew3jdwz6ofw7lljcxlbk7hcxxmnxlh5kvf2akcqjad.onion|2023-08-16 14:04:08.303729|https://blog.cyble.com/2021/07/23/deep-dive-analysis-avoslocker-ransomware, https://blog.malwarebytes.com/threat-intelligence/2021/07/avoslocker-enters-the-ransomware-scene-asks-for-partners, previous parser: c2VkIC1uIC1lICdzL14uKmFyaWEtaGlkZGVuPSJ0cnVlIj48XC9pPiAvL3AnIHNvdXJjZS9hdm9zbG9ja2VyLSouaHRtbCB8IGN1dCAtZCAiPCIgLWYx, previous parser: ZWdyZXAgLW8gJ3RpdGxlPSIoW1s6YWxudW06XV18IHxcLikrIicgc291cmNlL2F2b3Nsb2NrZXItKi5odG1sIHwgY3V0IC1kICciJyAtZjI=
grief|http://griefcameifmv4hfr3auozmovz5yi6m3h3dwbuqw7baomfxoxz4qteid.onion/|2022-05-02 11:11:21.970076|https://heimdalsecurity.com/blog/doppelpaymer-gets-a-rebranding, https://www.bleepingcomputer.com/news/security/nra-no-comment-on-russian-ransomware-gang-attack-claims/
avaddon|http://avaddongun7rngel.onion|2021-05-01 00:00:00.000000|https://www.acronis.com/en-us/articles/avaddon-ransomware, https://www.cyber.gov.au/sites/default/files/2021-05/2021-003%20Ongoing%20campaign%20using%20Avaddon%20Ransomware%20-%2020210508.pdf
vicesociety|http://4hzyuotli6maqa4u.onion|2021-05-01 00:00:00.000000|v-society.official@onionmail.org, ViceSociety@onionmail.org, https://blog.talosintelligence.com/2021/08/vice-society-ransomware-printnightmare.html
vicesociety|http://vsociethok6sbprvevl4dlwbqrzyhxcxaqpvcqt5belwvsuxaxsutyad.onion|2023-12-14 20:05:18.503027|v-society.official@onionmail.org, ViceSociety@onionmail.org, https://blog.talosintelligence.com/2021/08/vice-society-ransomware-printnightmare.html
vicesociety|http://ecdmr42a34qovoph557zotkfvth4fsz56twvwgiylstjup4r5bpc4oad.onion|2022-09-21 16:14:40.026861|v-society.official@onionmail.org, ViceSociety@onionmail.org, https://blog.talosintelligence.com/2021/08/vice-society-ransomware-printnightmare.html
vicesociety|http://wmp2rvrkecyx72i3x7ejhyd3yr6fn5uqo7wfus7cz7qnwr6uzhcbrwad.onion/partners.html|2023-12-05 02:23:17.737358|v-society.official@onionmail.org, ViceSociety@onionmail.org, https://blog.talosintelligence.com/2021/08/vice-society-ransomware-printnightmare.html
vicesociety|http://ssq4zimieeanazkzc5ld4v5hdibi2nzwzdibfh5n5w4pw5mcik76lzyd.onion/partners.html|2023-11-13 00:25:31.291274|v-society.official@onionmail.org, ViceSociety@onionmail.org, https://blog.talosintelligence.com/2021/08/vice-society-ransomware-printnightmare.html
vicesociety|http://ml3mjpuhnmse4kjij7ggupenw34755y4uj7t742qf7jg5impt5ulhkid.onion/partners.html|2023-12-13 06:10:35.006409|v-society.official@onionmail.org, ViceSociety@onionmail.org, https://blog.talosintelligence.com/2021/08/vice-society-ransomware-printnightmare.html
xinglocker|http://xingnewj6m4qytljhfwemngm7r7rogrindbq7wrfeepejgxc3bwci7qd.onion/|2022-01-24 06:12:24.946393|https://www.izoologic.com/2021/06/19/xing-locker-team-ransomgroup-is-on-a-roll-they-recently-hit-sharafi-group-investments, https://itsecuritywire.com/quick-bytes/xinglocker-spreading-worm-using-mountlocker
darkside|http://darksidc3iux462n6yunevoag52ntvwp6wulaz3zirkmh4cnz6hhj7id.onion|2021-05-01 00:00:00.000000|https://blog.qualys.com/vulnerabilities-threat-research/2021/06/09/darkside-ransomware, https://www.varonis.com/blog/darkside-ransomware, https://github.com/advanced-threat-research/DarkSide-Config-Extract
ragnarlocker|http://rgleak7op734elep.onion|2021-05-01 00:00:00.000000|https://news.sophos.com/en-us/2020/05/21/ragnar-locker-ransomware-deploys-virtual-machine-to-dodge-security, https://www.bleepingcomputer.com/news/security/ransomware-gang-threatens-to-leak-data-if-victim-contacts-fbi-police
ragnarlocker|http://rgleaktxuey67yrgspmhvtnrqtgogur35lwdrup4d3igtbm3pupc4lyd.onion/|2024-02-16 08:11:20.411212|https://news.sophos.com/en-us/2020/05/21/ragnar-locker-ransomware-deploys-virtual-machine-to-dodge-security, https://www.bleepingcomputer.com/news/security/ransomware-gang-threatens-to-leak-data-if-victim-contacts-fbi-police
ragnarlocker|http://p6o7m73ujalhgkiv.onion|2021-05-01 00:00:00.000000|https://news.sophos.com/en-us/2020/05/21/ragnar-locker-ransomware-deploys-virtual-machine-to-dodge-security, https://www.bleepingcomputer.com/news/security/ransomware-gang-threatens-to-leak-data-if-victim-contacts-fbi-police
clop|http://ekbgzchl6x2ias37.onion|2021-05-01 00:00:00.000000|https://blog.malwarebytes.com/malwarebytes-news/2021/02/clop-targets-execs-ransomware-tactics-get-another-new-twist, https://unit42.paloaltonetworks.com/clop-ransomware
clop|http://santat7kpllt6iyvqbr7q4amdv6dzrh6paatvyrzl7ry3zm72zigf4ad.onion/|2024-02-16 08:11:32.486301|https://blog.malwarebytes.com/malwarebytes-news/2021/02/clop-targets-execs-ransomware-tactics-get-another-new-twist, https://unit42.paloaltonetworks.com/clop-ransomware
clop|http://toznnag5o3ambca56s2yacteu7q7x2avrfherzmz4nmujrjuib4iusad.onion|2024-01-17 14:06:19.959814|https://blog.malwarebytes.com/malwarebytes-news/2021/02/clop-targets-execs-ransomware-tactics-get-another-new-twist, https://unit42.paloaltonetworks.com/clop-ransomware
netwalker|http://rnfdsgm6wb6j6su5txkekw4u4y47kp2eatvu7d6xhyn5cs4lt4pdrqqd.onion|2021-05-01 00:00:00.000000|https://threatpost.com/netwalker-ransomware-suspect-charged/163405, https://www.cybereason.com/blog/cybereason-vs.-netwalker-ransomware, https://www.ncsc.org/trends/monthly-trends-articles/2020/netwalker-ransomware
doppelpaymer|http://hpoo4dosa3x4ognfxpqcrjwnsigvslm7kv6hvmhh2yqczaxy3j6qnwad.onion/|2021-09-23 10:08:25.217991|https://aithority.com/security/doppelpaymer-ransomware-attack-sinks-a-global-motor-companys-20-million, https://www.zscaler.com/blogs/security-research/doppelpaymer-continues-cause-grief-through-rebranding
revil|http://dnpscnbaix6nkwvystl3yxglz7nteicqrou3t75tpcc5532cztc46qyd.onion/|2022-08-19 12:16:46.599604|https://www.zdnet.com/article/revil-ransomware-group-resurfaces-after-brief-hiatus, https://www.macrumors.com/2021/04/26/revil-delists-stolen-apple-schematics-threat, https://www.theverge.com/2021/7/22/22589643/ransomware-kaseya-vsa-decryptor-revil
revil|http://aplebzu47wgazapdqks6vrcv6zcnjppkbxbr6wketf56nf6aq2nmyoyd.onion/|2022-08-19 12:17:40.270801|https://www.zdnet.com/article/revil-ransomware-group-resurfaces-after-brief-hiatus, https://www.macrumors.com/2021/04/26/revil-delists-stolen-apple-schematics-threat, https://www.theverge.com/2021/7/22/22589643/ransomware-kaseya-vsa-decryptor-revil
revil|http://blogxxu75w63ujqarv476otld7cyjkq4yoswzt4ijadkjwvg3vrvd5yd.onion/|2023-01-06 16:18:09.124676|https://www.zdnet.com/article/revil-ransomware-group-resurfaces-after-brief-hiatus, https://www.macrumors.com/2021/04/26/revil-delists-stolen-apple-schematics-threat, https://www.theverge.com/2021/7/22/22589643/ransomware-kaseya-vsa-decryptor-revil
everest|http://ransomocmou6mnbquqz44ewosbkjk3o5qjsl3orawojexfook2j7esad.onion/|2024-02-16 08:12:11.500225|https://www.reuters.com/article/us-usa-products-colonial-pipeline-ransom/more-ransomware-websites-disappear-in-aftermath-of-colonial-pipeline-hack-idUSKCN2CX0KT
ragnarok|http://wobpitin77vdsdiswr43duntv6eqw4rvphedutpaxycjdie6gg3binad.onion|2021-05-01 00:00:00.000000|https://techcrunch.com/2021/08/30/ragnarok-ransomware-gang-shuts-down-and-releases-its-decryption-key, https://www.cpomagazine.com/cyber-security/ragnarok-ransomware-gang-closes-up-shop-leaves-master-decryptor-key-behind, https://www.sababasecurity.com/cheese-shortage-in-dutch-supermarkets-after-a-ransomware-attack, previous parser: Z3JlcCAndmFyIHBvc3RfbGlua3MgPScgc291cmNlL3JhZ25hcm9rLSouaHRtbCAtLW5vLWZpbGVuYW1lIHwgY3V0IC1kICc9JyAtZiAyIHwgc2VkICdzL14gKi8vZycgfCBzZWQgLWUgJ3MvLiQvLycgLWUgJ3MvLiQvLycgIC1lICdzLy4kLy8nIHwgIGpxIC1yICcuW10udGl0bGUn
ragnarok|http://sushlnty2j7qdzy64qnvyb6ajkwg7resd3p6agc2widnawodtcedgjid.onion/|2021-08-27 00:03:27.017295|https://techcrunch.com/2021/08/30/ragnarok-ransomware-gang-shuts-down-and-releases-its-decryption-key, https://www.cpomagazine.com/cyber-security/ragnarok-ransomware-gang-closes-up-shop-leaves-master-decryptor-key-behind, https://www.sababasecurity.com/cheese-shortage-in-dutch-supermarkets-after-a-ransomware-attack, previous parser: Z3JlcCAndmFyIHBvc3RfbGlua3MgPScgc291cmNlL3JhZ25hcm9rLSouaHRtbCAtLW5vLWZpbGVuYW1lIHwgY3V0IC1kICc9JyAtZiAyIHwgc2VkICdzL14gKi8vZycgfCBzZWQgLWUgJ3MvLiQvLycgLWUgJ3MvLiQvLycgIC1lICdzLy4kLy8nIHwgIGpxIC1yICcuW10udGl0bGUn
conti|http://continewsnv5otx5kaoje7krkto2qbu3gtqef22mnr7eaxw3y6ncz3ad.onion/|2022-06-22 06:25:03.781324|https://threatpost.com/affiliate-leaks-conti-ransomware-playbook/168442, https://unit42.paloaltonetworks.com/conti-ransomware-gang
conti|http://continews.click|2022-12-11 04:22:46.908546|https://threatpost.com/affiliate-leaks-conti-ransomware-playbook/168442, https://unit42.paloaltonetworks.com/conti-ransomware-gang
conti|http://continews.bz|2022-11-24 20:21:12.065104|https://threatpost.com/affiliate-leaks-conti-ransomware-playbook/168442, https://unit42.paloaltonetworks.com/conti-ransomware-gang
pysa|http://pysa2bitc5ldeyfak4seeruqymqs4sj5wt5qkcq7aoyg4h2acqieywad.onion/partners.html|2022-02-22 10:11:40.537484|https://www.ic3.gov/Media/News/2021/210316.pdf, https://blog.malwarebytes.com/threat-spotlight/2021/03/pysa-the-ransomware-attacking-schools
nefilim|http://hxt254aygrsziejn.onion|2021-05-01 00:00:00.000000|https://www.zdnet.com/article/a-deep-dive-into-nefilim-a-double-extortion-ransomware-group, https://www.trendmicro.com/en_nz/research/21/f/nefilim-modern-ransomware-attack-story.html
maze|http://xfr3txoorcyy7tikjgj5dk3rvo3vsrpyaxnclyohkbfp3h277ap4tiad.onion|2021-05-01 00:00:00.000000|https://techcrunch.com/2020/11/02/maze-ransomware-group-shutting-down, https://www.fireeye.com/blog/threat-research/2020/05/tactics-techniques-procedures-associated-with-maze-ransomware-incidents.html
mount-locker|http://mountnewsokhwilx.onion|2021-05-01 00:00:00.000000|https://www.bleepingcomputer.com/news/security/mount-locker-ransomware-joins-the-multi-million-dollar-ransom-game, https://www.securitymagazine.com/articles/94954-sophos-identifies-connection-between-mount-locker-and-astro-locker-team-ransomware
babuk|http://nq4zyac4ukl4tykmidbzgdlvaboqeqsemkp4t35bzvjeve6zm2lqcjid.onion/|2024-02-16 08:12:19.765737|https://www.bleepingcomputer.com/news/security/leaked-babuk-locker-ransomware-builder-used-in-new-attacks, https://www.bleepingcomputer.com/news/security/babuk-ransomwares-full-source-code-leaked-on-hacker-forum, https://blog.cyberint.com/babuk-locker
ransomexx|http://rnsm777cdsjrsdlbs4v5qoeppu3px6sb2igmh53jzrx7ipcrbjz5b2ad.onion/|2024-02-16 08:12:28.947943|https://www.bleepingcomputer.com/news/security/computer-hardware-giant-gigabyte-hit-by-ransomexx-ransomware, https://www.cybereason.com/blog/cybereason-vs.-ransomexx-ransomware, https://www.infosecurity-magazine.com/news/aerospace-giant-embraer-hit
cuba|http://cuba4mp6ximo2zlo.onion|2021-05-01 00:00:00.000000|https://www.mcafee.com/enterprise/en-us/assets/reports/rp-cuba-ransomware.pdf, https://digital.nhs.uk/cyber-alerts/2021/cc-3855, https://www.ic3.gov/Media/News/2021/211203-2.pdf
cuba|http://cuba4ikm4jakjgmkezytyawtdgr2xymvy6nvzgw5cglswg3si76icnqd.onion|2024-02-08 06:13:08.618800|https://www.mcafee.com/enterprise/en-us/assets/reports/rp-cuba-ransomware.pdf, https://digital.nhs.uk/cyber-alerts/2021/cc-3855, https://www.ic3.gov/Media/News/2021/211203-2.pdf
pay2key|http://pay2key2zkg7arp3kv3cuugdaqwuesifnbofun4j6yjdw5ry7zw2asid.onion/|2022-03-15 21:12:35.541101|https://research.checkpoint.com/2020/ransomware-alert-pay2key, https://www.twitter.com/p2ktwtacc, https://keybase.io/pay2key, pay2key@tuta.io
aztroteam|http://anewset3pcya3xvk73hj7yunuamutxxsm5sohkdi32blhmql55tvgqad.onion|2021-05-01 00:00:00.000000|
lockdata|http://wm6mbuzipviusuc42kcggzkdpbhuv45sn7olyamy6mcqqked3waslbqd.onion/|2022-04-09 16:16:17.344901|https://www.telekom.com/en/blog/group/article/lockdata-auction-631300, https://twitter.com/darktracer_int/status/1418318232885153792
blacktor|http://bl@ckt0r:bl@ckt0r@bl4cktorpms2gybrcyt52aakcxt6yn37byb65uama5cimhifcscnqkid.onion/0x00/data-breach.html|2023-10-21 02:11:25.302163|
haron|http://ft4zr2jzlqoyob7yg4fcpwyt37hox3ajajqnfkdvbfrkjioyunmqnpad.onion/login.php|2022-01-31 20:17:10.700036|https://therecord.media/new-haron-ransomware-gang-emerges-borrowing-from-avaddon-and-thanos, https://threatpost.com/ransomware-gangs-haron-blackmatter/168212
darkleakmarket|http://54rdhzjzc4ids4u4wata4zr4ywfon5wpz2ml4q3avelgadpvmdal2vqd.onion/|2021-10-07 16:14:26.072823|
darkleakmarket|http://aby6efzmp7jzbwgidgqc6ghxi2vwpo6d7eaood5xuoxutrfofsmzcjqd.onion|2024-02-16 06:12:54.639978|
darkleakmarket|http://darklmmmfuonklpy6s3tmvk5mrcdi7iapaw6eka45esmoryiiuug6aid.onion|2024-02-16 06:13:04.368403|
darkleakmarket|http://darkleakyqmv62eweqwy4dnhaijg4m4dkburo73pzuqfdumcntqdokyd.onion|2024-02-16 08:13:50.977769|
prometheus|http://promethw27cbrcot.onion/blog/|2021-05-01 00:00:00.000000|https://therecord.media/decryptor-released-for-prometheus-ransomware-victims, https://unit42.paloaltonetworks.com/prometheus-ransomwar
blackmatter|http://blackmax7su6mbwtcyo3xwtpfxpm356jjqrs34y4crcytpw7mifuedyd.onion/|2021-11-04 21:45:29.471099|https://www.tripwire.com/state-of-security/featured/blackmatter-pose-new-ransomware-threat, https://venturebeat.com/2021/08/23/sophoslabs-research-shows-blackmatter-ransomware-is-closely-acquainted-with-darkside
payloadbin|http://vbmisqjshn4yblehk2vbnil53tlqklxsdaztgphcilto3vdj4geao5qd.onion/|2022-08-27 08:26:04.980723|https://cyberintelmag.com/malware-viruses/payloadbin-ransomware-attributed-to-evil-corp
groove|http://ws3dh6av66sjbxxkjpw5ao3wqzmtejnkzheswm4dz5rrwvular7xvkqd.onion/|2021-10-30 10:50:04.915343|https://intel471.com/blog/groove-gang-ransomware-babuk-revil-blackmatter, https://www.mcafee.com/blogs/enterprise/mcafee-enterprise-atr/how-groove-gang-is-shaking-up-the-ransomware-as-a-service-market-to-empower-affiliates
ako|http://kwvhrdibgmmpkhkidrby4mccwqpds5za6uo2thcw5gz75qncv7rbhyad.onion|2021-05-01 00:00:00.000000|https://digital.nhs.uk/cyber-alerts/2020/cc-3345, https://www.bleepingcomputer.com/news/security/ako-ransomware-another-day-another-infection-attacking-businesses/, https://malwiki.org/index.php?title=Ako
atomsilo|http://mhdehvkomeabau7gsetnsrhkfign4jgnx3wajth5yb5h6kvzbd72wlqd.onion|2021-12-17 05:02:38.125384|https://www.cyfirma.com/outofband/malware-research-on-atomsilo-ransomware/, https://www.zscaler.com/blogs/security-research/atomsilo-ransomware-enters-league-double-extortion, https://twitter.com/vinopaljiri/status/1449550289204391940
atomsilo|http://l5cjga2ksw6rxumu5l4xxn3cmahhi2irkbwg3amx6ajroyfmfgpfllid.onion/list.html|2022-01-25 06:15:22.944284|https://www.cyfirma.com/outofband/malware-research-on-atomsilo-ransomware/, https://www.zscaler.com/blogs/security-research/atomsilo-ransomware-enters-league-double-extortion, https://twitter.com/vinopaljiri/status/1449550289204391940
avos|http://avos2fuj6olp6x36.onion|2021-05-01 00:00:00.000000|
blackbyte|http://6iaj3efye3q62xjgfxyegrufhewxew7yt4scxjd45tlfafyja6q4ctqd.onion|2021-05-01 00:00:00.000000|61141FCA047691D0E47CFD84717B59D3BEDF822442B5E907BE147FD6B8A11B723A48DF7FCA47, BlackByteSupp0rt@onionmail.org, https://www.zdnet.com/article/blackbyte-ransomware-decryptor-released/, https://www.trustwave.com/en-us/resources/blogs/spiderlabs-blog/blackbyte-ransomware-pt-1-in-depth-analysis/, https://www.trustwave.com/en-us/resources/blogs/spiderlabs-blog/blackbyte-ransomware-pt-2-code-obfuscation-analysis/, https://www.techtarget.com/searchsecurity/news/252510334/BlackByte-ransomware-attacks-exploiting-ProxyShell-flaws
blackbyte|http://f5uzduboq4fa2xkjloprmctk7ve3dm46ff7aniis66cbekakvksxgeqd.onion|2021-12-30 09:14:25.683872|61141FCA047691D0E47CFD84717B59D3BEDF822442B5E907BE147FD6B8A11B723A48DF7FCA47, BlackByteSupp0rt@onionmail.org, https://www.zdnet.com/article/blackbyte-ransomware-decryptor-released/, https://www.trustwave.com/en-us/resources/blogs/spiderlabs-blog/blackbyte-ransomware-pt-1-in-depth-analysis/, https://www.trustwave.com/en-us/resources/blogs/spiderlabs-blog/blackbyte-ransomware-pt-2-code-obfuscation-analysis/, https://www.techtarget.com/searchsecurity/news/252510334/BlackByte-ransomware-attacks-exploiting-ProxyShell-flaws
blackbyte|http://dlyo7r3n4qy5fzv4645nddjwarj7wjdd6wzckomcyc7akskkxp4glcad.onion/|2022-03-28 11:17:47.827356|61141FCA047691D0E47CFD84717B59D3BEDF822442B5E907BE147FD6B8A11B723A48DF7FCA47, BlackByteSupp0rt@onionmail.org, https://www.zdnet.com/article/blackbyte-ransomware-decryptor-released/, https://www.trustwave.com/en-us/resources/blogs/spiderlabs-blog/blackbyte-ransomware-pt-1-in-depth-analysis/, https://www.trustwave.com/en-us/resources/blogs/spiderlabs-blog/blackbyte-ransomware-pt-2-code-obfuscation-analysis/, https://www.techtarget.com/searchsecurity/news/252510334/BlackByte-ransomware-attacks-exploiting-ProxyShell-flaws
blackbyte|http://fl3xpz5bmgzxy4fmebhgsbycgnz24uosp3u4g33oiln627qq3gyw37ad.onion|2022-04-24 20:21:03.639787|61141FCA047691D0E47CFD84717B59D3BEDF822442B5E907BE147FD6B8A11B723A48DF7FCA47, BlackByteSupp0rt@onionmail.org, https://www.zdnet.com/article/blackbyte-ransomware-decryptor-released/, https://www.trustwave.com/en-us/resources/blogs/spiderlabs-blog/blackbyte-ransomware-pt-1-in-depth-analysis/, https://www.trustwave.com/en-us/resources/blogs/spiderlabs-blog/blackbyte-ransomware-pt-2-code-obfuscation-analysis/, https://www.techtarget.com/searchsecurity/news/252510334/BlackByte-ransomware-attacks-exploiting-ProxyShell-flaws
blackbyte|http://ce6roic2ykdjunyzazsxmjpz5wsar4pflpoqzntyww5c2eskcp7dq4yd.onion/|2022-07-12 20:09:43.526477|61141FCA047691D0E47CFD84717B59D3BEDF822442B5E907BE147FD6B8A11B723A48DF7FCA47, BlackByteSupp0rt@onionmail.org, https://www.zdnet.com/article/blackbyte-ransomware-decryptor-released/, https://www.trustwave.com/en-us/resources/blogs/spiderlabs-blog/blackbyte-ransomware-pt-1-in-depth-analysis/, https://www.trustwave.com/en-us/resources/blogs/spiderlabs-blog/blackbyte-ransomware-pt-2-code-obfuscation-analysis/, https://www.techtarget.com/searchsecurity/news/252510334/BlackByte-ransomware-attacks-exploiting-ProxyShell-flaws
blackbyte|http://jbeg2dct2zhku6c2vwnpxtm2psnjo2xnqvvpoiiwr5hxnc6wrp3uhnad.onion|2023-10-20 22:09:04.728996|61141FCA047691D0E47CFD84717B59D3BEDF822442B5E907BE147FD6B8A11B723A48DF7FCA47, BlackByteSupp0rt@onionmail.org, https://www.zdnet.com/article/blackbyte-ransomware-decryptor-released/, https://www.trustwave.com/en-us/resources/blogs/spiderlabs-blog/blackbyte-ransomware-pt-1-in-depth-analysis/, https://www.trustwave.com/en-us/resources/blogs/spiderlabs-blog/blackbyte-ransomware-pt-2-code-obfuscation-analysis/, https://www.techtarget.com/searchsecurity/news/252510334/BlackByte-ransomware-attacks-exploiting-ProxyShell-flaws
lolnek|http://mmeeiix2ejdwkmseycljetmpiwebdvgjts75c63camjofn2cjdoulzqd.onion|2022-08-27 10:25:31.297546|
lolnek|http://obzuqvr5424kkc4unbq2p2i67ny3zngce3tbdr37nicjqesgqcgomfqd.onion|2023-05-11 04:16:50.850899|
lolnek|http://nclen75pwlgebpxpsqhlcnxsmdvpyrr7ogz36ehhatfmkvakeyden6ad.onion|2022-10-01 05:18:09.037032|
lolnek|http://mmcbkgua72og66w4jz3qcxkkhefax754pg6iknmtfujvkt2j65ffraad.onion|2024-02-16 08:14:18.133756|
blackshadow|http://544corkfh5hwhtn4.onion|2021-05-01 00:00:00.000000|previous parser: ZWdyZXAgLW8gJ19zZWxmIj4oW1s6YWxudW06XV18IHxcLikrPC9hPicgIHNvdXJjZS9ibGFja3NoYWRvdy1ibGFja3NoYWRvdy5odG1sIHwgY3V0IC1kICc+JyAtZiAyIHwgY3V0IC1kICc8JyAtZiAxIHwgc2VkIC1lICcvRG9uYXRlL2QnIC1lICcvSG9tZS9kJyAtZSAnL0NvbnRhY3QgVVMvZCcgLWUgJy9UZWxlZ3JhbSBjaGFubmVsL2QnIHwgc29ydCAtdQ==
bonacigroup|http://bonacifryrxr4siz6ptvokuihdzmjzpveruklxumflz5thmkgauty2qd.onion|2021-12-28 14:14:45.463128|
crylock|http://d57uremugxjrafyg.onion|2021-05-01 00:00:00.000000|
ech0raix|http://veqlxhq7ub5qze3qy56zx2cig2e6tzsgxdspkubwbayqije6oatma6id.onion|2023-09-05 23:07:10.807117|https://www.anomali.com/blog/the-ech0raix-ransomware, https://www.bleepingcomputer.com/news/security/qnap-nas-devices-hit-in-surge-of-ech0raix-ransomware-attacks/
ep918|http://dg5fyig37abmivryrxlordrczn6d6r5wzcfe2msuo5mbbu2exnu46fid.onion|2021-05-01 00:00:00.000000|
exorcist|http://7iulpt5i6whht6zo2r52f7vptxtjxs3vfcdxxazllikrtqpupn4epnqd.onion|2021-05-01 00:00:00.000000|https://medium.com/@velasco.l.n/exorcist-ransomware-from-triaging-to-deep-dive-5b7da4263d81
hades|http://ixltdyumdlthrtgx.onion|2021-05-01 00:00:00.000000|
hellokitty|http://3r6n77mpe737w4sbxxxrpc5phbluv6xhtdl5ujpnlvmck5tc7blq2rqd.onion|2021-10-02 15:17:11.282676|https://www.ic3.gov/Media/News/2021/211029.pdf, https://www.cisa.gov/uscert/ncas/analysis-reports/ar21-126a, https://research.nccgroup.com/2021/06/15/handy-guide-to-a-new-fivehands-ransomware-variant/, https://www.mandiant.com/resources/unc2447-sombrat-and-fivehands-ransomware-sophisticated-financial-threat
hotarus|http://r6d636w47ncnaukrpvlhmtdbvbeltc6enfcuuow3jclpmyga7cz374qd.onion|2021-10-22 04:52:30.438426|https://www.bleepingcomputer.com/news/security/ransomware-gang-hacks-ecuadors-largest-private-bank-ministry-of-finance/
karma|http://3nvzqyo6l4wkrzumzu5aod7zbosq4ipgf7ifgj3hsvbcr5vcasordvqd.onion|2021-11-05 02:09:55.300950|https://www.sentinelone.com/labs/karma-ransomware-an-emerging-threat-with-a-hint-of-nemty-pedigree/, https://blogs.blackberry.com/en/2021/11/threat-thursday-karma-ransomware, https://www.bleepingcomputer.com/news/security/new-karma-ransomware-group-likely-a-nemty-rebrand/, https://blog.cyble.com/2021/08/24/a-deep-dive-analysis-of-karma-ransomware/, https://securityaffairs.co/wordpress/123568/malware/karma-ransomware-nemty-similarities.html
lockbit|http://lockbitkodidilol.onion|2021-05-01 00:00:00.000000|
mbc|http://xembshruusobgbvxg4tcjs3jpdnks6xrr6nbokfxadcnlc53yxir22ad.onion|2021-05-01 00:00:00.000000|https://www.thenationalnews.com/business/2021/08/21/mbc-ransomware-group-claims-responsibility-for-cyber-attack-on-irans-railway-network/
mydecryptor|http://58b87e60649ccc808ac8mstiejnj.5s4ixqul2enwxrqv.onion|2021-05-01 00:00:00.000000|
n3tworm|http://n3twormruynhn3oetmxvasum2miix2jgg56xskdoyihra4wthvlgyeyd.onion|2021-05-01 00:00:00.000000|https://www.bleepingcomputer.com/news/security/n3tw0rm-ransomware-emerges-in-wave-of-cyberattacks-in-israel/, https://www.haaretz.com/israel-news/tech-news/.premium-iranian-hackers-hit-h-m-israel-amid-new-wave-of-cyberattacks-1.9766404
nemty|http://zjoxyw5mkacojk5ptn2iprkivg5clow72mjkyk5ttubzxprjjnwapkad.onion|2021-05-01 00:00:00.000000|https://www.mcafee.com/blogs/other-blogs/mcafee-labs/nemty-ransomware-learning-by-doing/, https://symantec-enterprise-blogs.security.com/blogs/threat-intelligence/nemty-ransomware-trik-botnet, https://www.zdnet.com/article/nemty-ransomware-operation-shuts-down/, https://www.acronis.com/en-eu/blog/posts/threat-analysis-nemty-ransomware-and-fake-paypal-site/, https://www.infoblox.com/wp-content/uploads/threat-intelligence-report-nemty-ransomware-loves-you.pdf
onepercent|http://5mvifa3xq5m7sou3xzaajfz7h6eserp5fnkwotohns5pgbb5oxty3zad.onion|2021-05-01 00:00:00.000000|https://www.ic3.gov/Media/News/2021/210823.pdf, https://www.csoonline.com/article/3630635/onepercent-ransomware-group-hits-companies-via-iceid-banking-trojan.html
prolock|http://msaoyrayohnp32tcgwcanhjouetb5k54aekgnwg7dcvtgtecpumrxpqd.onion|2021-05-01 00:00:00.000000|https://www.zdnet.com/article/prolock-ransomware-everything-you-need-to-know/, https://news.sophos.com/en-us/2020/07/27/prolock-ransomware-gives-you-the-first-8-kilobytes-of-decryption-for-free/, https://www.bleepingcomputer.com/news/security/pwndlocker-ransomware-gets-pwned-decryption-now-available/, https://www.bleepingcomputer.com/news/security/fbi-warns-of-prolock-ransomware-decryptor-not-working-properly/, https://iacc.memberclicks.net/assets/docs/COVID19/FBI%20-%20FLASH%20TLP%20Green%20-%20Indicators%20of%20Compromise%20Associated%20with%20ProLock....pdf
qlocker|http://gvka2m4qt5fod2fltkjmdk4gxh5oxemhpgmnmtjptms6fkgfzdd62tad.onion|2022-11-08 04:40:53.794039|https://www.qnap.com/en/security-advisory/QSA-21-13, https://www.qnap.com/static/landing/2021/qlocker/response/da-dk/, https://www.bleepingcomputer.com/news/security/qlocker-ransomware-shuts-down-after-extorting-hundreds-of-qnap-users/
ranzy|http://37rckgo66iydpvgpwve7b2el5q2zhjw4tv4lmyewufnpx4lhkekxkoqd.onion|2021-05-01 00:00:00.000000|https://blog.malwarebytes.com/ransomware/2021/10/threat-profile-ranzy-locker-ransomware/, https://www.picussecurity.com/resource/blog/a-detailed-walkthrough-of-ranzy-locker-ransomware-ttps, https://www.sentinelone.com/labs/ranzy-ransomware-better-encryption-among-new-features-of-thunderx-derivative/, https://www.ic3.gov/Media/News/2021/211026.pdf
vfokx|http://vfokxcdzjbpehgit223vzdzwte47l3zcqtafj34qrr26htjo4uf3obid.onion|2021-05-01 00:00:00.000000|
vfokx|http://746pbrxl7acvrlhzshosye3b3udk4plurpxt2pp27pojfhkkaooqiiqd.onion|2021-05-01 00:00:00.000000|
xinof|http://wj3b2wtj7u2bzup75tzhnso56bin6bnvsxcbwbfcuvzpc4vcixbywlid.onion|2021-05-01 00:00:00.000000|https://www.bleepingcomputer.com/news/security/fonix-ransomware-shuts-down-and-releases-master-decryption-key/, https://www.sentinelone.com/labs/the-fonix-raas-new-low-key-threat-with-unnecessary-complexities/
spook|http://spookuhvfyxzph54ikjfwf2mwmxt572krpom7reyayrmxbkizbvkpaid.onion/blog/|2021-10-26 02:30:31.814261|
RAMP|http://wavbeudogz6byhnardd2lkp2jafims3j7tj6k6qnywchn2csngvtffqd.onion|2021-05-01 00:00:00.000000|https://ke-la.com/new-russian-speaking-forum-a-new-place-for-raas/, https://www.toolbox.com/tech/security/news/russian-darknet-forum-ramp-reemerges-with-chinese-speaking-hackers-at-the-wheel/, https://www.linkedin.com/pulse/am-i-new-admin-cybercrime-forum-ramp-ayesha-prakash
RAMP|http://rampjcdlqvgkoz5oywutpo6ggl7g6tvddysustfl6qzhr5osr24xxqqd.onion|2024-02-16 08:14:47.570679|https://ke-la.com/new-russian-speaking-forum-a-new-place-for-raas/, https://www.toolbox.com/tech/security/news/russian-darknet-forum-ramp-reemerges-with-chinese-speaking-hackers-at-the-wheel/, https://www.linkedin.com/pulse/am-i-new-admin-cybercrime-forum-ramp-ayesha-prakash
RAMP|http://ramp4u5iz4xx75vmt6nk5xfrs5mrmtokzszqxhhkjqlk7pbwykaz7zid.onion|2021-05-01 00:00:00.000000|https://ke-la.com/new-russian-speaking-forum-a-new-place-for-raas/, https://www.toolbox.com/tech/security/news/russian-darknet-forum-ramp-reemerges-with-chinese-speaking-hackers-at-the-wheel/, https://www.linkedin.com/pulse/am-i-new-admin-cybercrime-forum-ramp-ayesha-prakash
sabbath|http://54bb47h5qu4k7l4d7v5ix3i6ak6elysn3net4by4ihmvrhu7cvbskoqd.onion/blog|2021-11-13 03:45:10.144411|https://www.mandiant.com/resources/sabbath-ransomware-affiliate
sabbath|http://54bb47h.blog|2022-04-13 03:32:39.807334|https://www.mandiant.com/resources/sabbath-ransomware-affiliate
quantum|http://quantum445bh3gzuyilxdzs5xdepf3b7lkcupswvkryf3n7hgzpxebid.onion/|2024-01-16 02:27:52.296489|
quantum|http://22rnyep2aa2exx3fdm26p4onwjfmhciodb55v5l3w4iny7e5bxpg3yad.onion/|2022-08-29 08:26:24.323662|
medusa|https://qd7pcafncosqfqu3ha6fcx4h6sr7tzwagzpcdcnytiw3b6varaeqv5yd.onion|2021-05-01 00:00:00.000000|
medusa|http://medusaxko7jxtrojdkxo66j7ck4q5tgktf7uqsqyfry4ebnxlcbkccyd.onion/api/search?company=&page=0|2024-02-16 06:14:21.301887|
snatch|http://hl66646wtlp2naoqnhattngigjp5palgqmbwixepcjyq5i534acgqyad.onion|2023-11-02 06:12:45.396980|https://t.me/snatch_news, https://lifars.com/wp-content/uploads/2020/07/Snatch-Ransomware-Malware-Analysis-Case-Study.pdf, https://news.sophos.com/en-us/2019/12/09/snatch-ransomware-reboots-pcs-into-safe-mode-to-bypass-protection/, https://thedfirreport.com/2020/06/21/snatch-ransomware/
snatch|http://snatch.press|2022-12-13 06:20:17.094536|https://t.me/snatch_news, https://lifars.com/wp-content/uploads/2020/07/Snatch-Ransomware-Malware-Analysis-Case-Study.pdf, https://news.sophos.com/en-us/2019/12/09/snatch-ransomware-reboots-pcs-into-safe-mode-to-bypass-protection/, https://thedfirreport.com/2020/06/21/snatch-ransomware/
snatch|http://dwhyj2.top|2024-02-16 08:15:35.773274|https://t.me/snatch_news, https://lifars.com/wp-content/uploads/2020/07/Snatch-Ransomware-Malware-Analysis-Case-Study.pdf, https://news.sophos.com/en-us/2019/12/09/snatch-ransomware-reboots-pcs-into-safe-mode-to-bypass-protection/, https://thedfirreport.com/2020/06/21/snatch-ransomware/
snatch|https://filesnatchcloud.top|2023-12-26 12:15:45.307970|https://t.me/snatch_news, https://lifars.com/wp-content/uploads/2020/07/Snatch-Ransomware-Malware-Analysis-Case-Study.pdf, https://news.sophos.com/en-us/2019/12/09/snatch-ransomware-reboots-pcs-into-safe-mode-to-bypass-protection/, https://thedfirreport.com/2020/06/21/snatch-ransomware/
snatch|http://sn76920193ch.top|2024-02-16 08:15:38.583203|https://t.me/snatch_news, https://lifars.com/wp-content/uploads/2020/07/Snatch-Ransomware-Malware-Analysis-Case-Study.pdf, https://news.sophos.com/en-us/2019/12/09/snatch-ransomware-reboots-pcs-into-safe-mode-to-bypass-protection/, https://thedfirreport.com/2020/06/21/snatch-ransomware/
snatch|https://snatchnews.top|2024-02-16 08:15:40.666289|https://t.me/snatch_news, https://lifars.com/wp-content/uploads/2020/07/Snatch-Ransomware-Malware-Analysis-Case-Study.pdf, https://news.sophos.com/en-us/2019/12/09/snatch-ransomware-reboots-pcs-into-safe-mode-to-bypass-protection/, https://thedfirreport.com/2020/06/21/snatch-ransomware/
snatch|http://sntech2ch.top|2024-02-16 02:20:23.196604|https://t.me/snatch_news, https://lifars.com/wp-content/uploads/2020/07/Snatch-Ransomware-Malware-Analysis-Case-Study.pdf, https://news.sophos.com/en-us/2019/12/09/snatch-ransomware-reboots-pcs-into-safe-mode-to-bypass-protection/, https://thedfirreport.com/2020/06/21/snatch-ransomware/
midas|http://midasbkic5eyfox4dhnijkzc7v7e4hpmsb2qgux7diqbpna4up4rtdad.onion/blog.php|2022-04-15 00:21:18.326820|
entropy|http://leaksv7sroztl377bbohzl42i3ddlfsxopcb6355zc7olzigedm5agad.onion/posts|2022-02-27 08:16:28.769221|
robinhood|https://robinhoodleaks.tumblr.com|2022-12-11 04:36:25.155665|https://www.sentinelone.com/labs/robinhood-ransomware-coolmaker-functions-not-so-cool/, https://blog.malwarebytes.com/threat-spotlight/2020/02/threat-spotlight-robbinhood-ransomware-takes-the-drivers-seat/, previous parser: Z3JlcCAnPGgyIGNsYXNzPSJ0aXRsZSInIHNvdXJjZS9yb2Jpbmhvb2QtKi5odG1sIC0tbm8tZmlsZW5hbWUgfCBjdXQgLWQgJz4nIC1mIDMgfCBjdXQgLWQgJzwnIC1mIDE=
mosesstaff|http://mosesstaffm7hptp.onion|2021-05-01 00:00:00.000000|https://twitter.com/moses_staff_se, https://t.me/moses_staff_links, https://t.me/moses_staff_se_8, https://www.zdnet.com/article/mosesstaff-attackers-deploy-ransomware-on-your-systems-no-payment-no-decryption-possible/, https://research.checkpoint.com/2021/mosesstaff-targeting-israeli-companies/
mosesstaff|https://moses-staff.se/activities/|2024-02-16 08:16:11.588045|https://twitter.com/moses_staff_se, https://t.me/moses_staff_links, https://t.me/moses_staff_se_8, https://www.zdnet.com/article/mosesstaff-attackers-deploy-ransomware-on-your-systems-no-payment-no-decryption-possible/, https://research.checkpoint.com/2021/mosesstaff-targeting-israeli-companies/
cooming|http://z6mikrtphid5fmn52nbcbg25tj57sowlm3oc25g563yvsfmygkcxqbyd.onion|2022-02-04 23:26:54.456960|
cooming|http://teo7aj5mfgzxyeme.onion|2021-05-01 00:00:00.000000|
aGl0bGVyCg|http://hitleransomware.cf|2022-11-24 08:34:48.941955|
rook|http://gamol6n6p2p4c3ad7gxmx3ur7wwdwlywebo2azv3vv5qlmjmole2zbyd.onion|2022-01-26 15:24:16.586824|https://www.sentinelone.com/labs/new-rook-ransomware-feeds-off-the-code-of-babuk/, https://www.bleepingcomputer.com/news/security/rook-ransomware-is-yet-another-spawn-of-the-leaked-babuk-code/
unknown|http://tdoe2fiiamwkiadhx2a4dfq56ztlqhzl2vckgwmjtoanfaya4kqvvvyd.onion|2021-05-01 00:00:00.000000|
unknown|http://darktorhvabc652txfc575oendhykqcllb7bh7jhhsjduocdlyzdbmqd.onion|2021-05-01 00:00:00.000000|
rransom|http://t2tqvp4pctcr7vxhgz5yd5x4ino5tw7jzs3whbntxirhp32djhi7q3id.onion|2023-04-14 04:13:14.485680|
babyduck|http://babydovegkmhbontykziyq7qivwzy33mu4ukqefe4mqpiiwd3wibnjqd.onion|2021-05-01 00:00:00.000000|https://twitter.com/PolarToffee/status/1445873002801889280?s=20
alphv|http://alphvmmm27o3abo3r2mlmjrpdmzle3rykajqc5xsj7j7ejksbpsa36ad.onion/api/blog/all/0/6|2024-02-16 04:14:46.250480|https://therecord.media/alphv-blackcat-is-the-first-professional-ransomware-gang-to-use-rust/, https://www.bleepingcomputer.com/news/security/alphv-blackcat-this-years-most-sophisticated-ransomware/, https://securityaffairs.co/wordpress/126022/cyber-crime/inetum-hit-by-blackcat-ransomware.html, https://symantec-enterprise-blogs.security.com/blogs/threat-intelligence/noberus-blackcat-alphv-rust-ransomware
alphv|http://2cuqgeerjdba2rhdiviezodpu3lc4qz2sjf4qin6f7std2evleqlzjid.onion|2021-05-01 00:00:00.000000|https://therecord.media/alphv-blackcat-is-the-first-professional-ransomware-gang-to-use-rust/, https://www.bleepingcomputer.com/news/security/alphv-blackcat-this-years-most-sophisticated-ransomware/, https://securityaffairs.co/wordpress/126022/cyber-crime/inetum-hit-by-blackcat-ransomware.html, https://symantec-enterprise-blogs.security.com/blogs/threat-intelligence/noberus-blackcat-alphv-rust-ransomware
alphv|http://vqifktlreqpudvulhbzmc5gocbeawl67uvs2pttswemdorbnhaddohyd.onion/search|2024-02-16 08:16:40.508385|https://therecord.media/alphv-blackcat-is-the-first-professional-ransomware-gang-to-use-rust/, https://www.bleepingcomputer.com/news/security/alphv-blackcat-this-years-most-sophisticated-ransomware/, https://securityaffairs.co/wordpress/126022/cyber-crime/inetum-hit-by-blackcat-ransomware.html, https://symantec-enterprise-blogs.security.com/blogs/threat-intelligence/noberus-blackcat-alphv-rust-ransomware
cryp70n1c0d3|http://7k4yyskpz3rxq5nyokf6ztbpywzbjtdfanweup3skctcxopmt7tq7eid.onion/databases.html|2024-02-15 16:12:26.630832|
dread|http://dreadytofatroptsdj6io7l3xptbet6onoyno2yv7jicoxknyazubrad.onion|2024-02-04 18:14:23.972693|
againstthewest|http://giphvoitymatg4cv7bxqh5dz6sn6bfscywoat4qtslztkomf5lavrayd.onion|2023-06-01 18:12:23.895395|
holyghost|http://matmq3z3hiovia3voe2tix2x54sghc3tszj74xgdy4tqtypoycszqzqd.onion|2022-04-22 17:36:43.266991|
nightsky|http://gg5ryfgogainisskdvh4y373ap3b2mxafcibeh2lvq5x7fx76ygcosad.onion|2022-01-25 05:22:25.823021|https://t.me/arvin_club/5081, https://twitter.com/malwrhunterteam/status/1477381209147723788?s=20
ransomcartel|http://u67aylig7i6l657wxmp274eoilaowhp3boljowa6bli63rxyzfzsbtyd.onion|2022-03-03 18:21:44.305006|https://t.me/arvin_club/5075, https://twitter.com/i/web/status/1476488238521065476
ransomcartel|http://cartelirsn5l54ehcbalyyqtfb3j7be2rpvf6ujayaf5qqmg3vlwiayd.onion|2021-05-01 00:00:00.000000|https://t.me/arvin_club/5075, https://twitter.com/i/web/status/1476488238521065476
ransomcartel|http://cartelraqonekult2cxbzzz2ukiff7v6cav3w373uuhenybgqulxm5id.onion/company/auth|2023-01-19 18:27:40.170172|https://t.me/arvin_club/5075, https://twitter.com/i/web/status/1476488238521065476
adminlocker|http://adminavf4cikzbv6mbbp7ujpwhygnn2t3egiz2pswldj32krrml42wyd.onion|2022-05-20 03:49:03.507403|http://t.me/dotADMINbot
sugar|http://chat5sqrnzqewampznybomgn4hf2m53tybkarxk4sfaktwt7oqpkcvyd.onion/gate.php|2022-12-19 08:23:20.545396|https://tria.ge/211112-lbfz1adab7, https://medium.com/walmartglobaltech/sugar-ransomware-a-new-raas-a5d94d58d9fb, https://www.bleepingcomputer.com/news/security/a-look-at-the-new-sugar-ransomware-demanding-low-ransoms/
zeon|http://zeonrefpbompx6rwdqa5hxgtp2cxgfmoymlli3azoanisze33pp3x3yd.onion/chat|2023-02-28 10:14:48.862503|https://id-ransomware.blogspot.com/2022/02/
freecivilian|http://gcbejm2rcjftouqbxuhimj5oroouqcuxb2my4raxqa7efkz5bd5464id.onion|2023-06-01 18:12:41.222680|
pandora|http://vbfqeh5nugm6r2u2qvghsdxm3fotf5wbxb5ltv6vw77vus5frdpuaiid.onion|2022-05-03 11:24:22.895473|contact@pandoraxyz.xyz
pandora|http://pandoraxyz.xyz|2021-05-01 00:00:00.000000|contact@pandoraxyz.xyz
stormous|http://3slz4povugieoi3tw7sblxoowxhbzxeju427cffsst5fo2tizepwatid.onion/datashop.html|2022-05-09 22:27:33.062729|stormouss21@dnmx.org
stormous|http://h3reihqb2y7woqdary2g3bmk3apgtxuyhx4j2ftovbhe3l5svev7bdyd.onion/stm.html|2023-09-30 22:08:06.869539|stormouss21@dnmx.org
leaktheanalyst|http://leaktheanalyst.fireeye62c3da3fnosymmmcqcty7rl7cjucpbkzaz275a4qs5fgkzhad.onion/|2022-08-05 10:37:16.160554|
ranion|http://ranionv3j2o7wrn3um6de33eccbchhg32mkgnnoi72enkpp7jc25h3ad.onion|2024-02-16 08:18:06.688095|
x001xs|http://nalr2uqsave7y2r235am5jsfiklfjh5h4jc5nztu3rzvmhklwt5j6kid.onion|2022-12-11 04:41:30.820284|
kelvinsecurity|https://kelvinsecteamcyber.wixsite.com/my-site/items|2022-12-11 04:41:32.050962|https://twitter.com/Ksecureteamlab
blackbasta|http://stniiomyjliimcgkvdszvgen3eaaoz55hreqqx6o77yvmpwt7gklffqd.onion/|2024-02-16 08:18:23.104844|
blackbasta|https://aazsbsgya565vlu2c6bzy6yfiebkcbtvvcytvolt33s77xypi7nypxyd.onion/|2023-09-17 13:09:47.013410|
blackbasta|https://bastad5huzwkepdixedg2gekg7jk22ato24zyllp6lnjx7wdtyctgvyd.onion/|2024-02-16 08:19:09.640324|
onyx|http://mrdxtxy6vqeqbmb4rvbvueh2kukb3e3mhu3wdothqn7242gztxyzycid.onion|2023-01-02 04:27:07.751467|vsop@onionmail.org
mindware|https://dfpc7yvle5kxmgg6sbcp5ytggy3oeob676bjgwcwhyr2pwcrmbvoilqd.onion/|2022-08-16 10:33:38.900659|
ransomhouse|http://xw7au5pnwtl6lozbsudkmyd32n6gnqdngitjdppybudan3x3pjgpmpid.onion/|2022-10-01 20:57:54.519431|https://t.me/ransom_house
ransomhouse|http://zohlm7ahjwegcedoz7lrdrti7bvpofymcayotp744qhx6gjmxbuo2yid.onion/a|2024-02-16 08:19:32.749810|https://t.me/ransom_house
cheers|http://rwiajgajdr4kzlnrj5zwebbukpcbrjhupjmk6gufxv6tg7myx34iocad.onion|2022-09-20 05:18:11.903741|
cheers|http://crkfkmrh4qzbddfrl2axnkvjp5tgwx73d7lq4oycsfxc7pfgbfhtfiid.onion/|2022-09-20 05:18:17.023676|
darkangels|https://wemo2ysyeq6km2nqhcrz63dkdhez3j25yw2nvn7xba2z4h7v7gyrfgid.onion|2022-07-18 23:41:57.286517|
lockbit3|http://lockbitapt2d73krlbewgv27tquljgxr33xbwwsp6rkyieto7u4ncead.onion|2024-02-16 04:18:45.328301|
lockbit3|http://lockbitapt2yfbt7lchxejug47kmqvqqxvvjpqkmevv4l3azl3gy6pyd.onion|2024-02-16 08:20:22.528525|
lockbit3|http://lockbitapt34kvrip6xojylohhxrwsvpzdffgs5z4pbbsywnzsbdguqd.onion|2024-02-16 08:20:48.347623|
lockbit3|http://lockbitapt5x4zkjbcqmz6frdhecqqgadevyiwqxukksspnlidyvd7qd.onion|2024-02-16 08:21:10.885714|
lockbit3|http://lockbitapt6vx57t3eeqjofwgcglmutr3a35nygvokja5uuccip4ykyd.onion|2024-02-16 08:21:40.385448|
lockbit3|http://lockbitapt72iw55njgnqpymggskg5yp75ry7rirtdg4m7i42artsbqd.onion|2024-02-16 08:22:09.727455|
lockbit3|http://lockbitaptawjl6udhpd323uehekiyatj6ftcxmkwe5sezs4fqgpjpid.onion|2024-02-16 08:22:44.230163|
lockbit3|http://lockbitaptbdiajqtplcrigzgdjprwugkkut63nbvy2d5r4w2agyekqd.onion|2024-02-16 08:23:11.149849|
lockbit3|http://lockbitaptc2iq4atewz2ise62q63wfktyrl4qtwuk5qax262kgtzjqd.onion|2024-02-16 08:23:36.526432|
lockbit3|http://lockbitapt72iw55njgnqpymggskg5yp75ry7rirtdg4m7i42artsbqd.onion|2024-02-16 08:23:58.655496|
lockbit3|http://lockbitsupa7e3b4pkn4mgkgojrl5iqgx24clbzc4xm7i6jeetsia3qd.onion|2024-02-16 08:24:19.942605|
lockbit3|http://lockbitsupdwon76nzykzblcplixwts4n4zoecugz2bxabtapqvmzqqd.onion|2024-02-16 08:24:42.692343|
lockbit3|http://lockbitsupn2h6be2cnqpvncyhj4rgmnwn44633hnzzmtxdvjoqlp7yd.onion|2024-02-16 06:24:49.707119|
lockbit3|http://lockbitsupo7vv5vcl3jxpsdviopwvasljqcstym6efhh6oze7c6xjad.onion|2024-02-16 08:25:28.572997|
lockbit3|http://lockbitsupqfyacidr6upt6nhhyipujvaablubuevxj6xy3frthvr3yd.onion|2024-02-16 08:25:55.396771|
lockbit3|http://lockbitsupt7nr3fa6e7xyb73lk6bw6rcneqhoyblniiabj4uwvzapqd.onion|2024-02-16 08:26:15.708703|
lockbit3|http://lockbitsupuhswh4izvoucoxsbnotkmgq6durg7kficg6u33zfvq3oyd.onion/form|2024-02-16 08:26:35.117341|
lockbit3|http://lockbitsupxcjntihbmat4rrh7ktowips2qzywh6zer5r3xafhviyhqd.onion/form|2024-02-16 04:25:12.753995|
lockbit3|http://lockbitsupq3g62dni2f36snrdb4n5qzqvovbtkt5xffw3draxk6gwqd.onion/form|2024-02-16 08:27:15.607074|
lockbit3|http://lockbitfile2tcudkcqqt2ve6btssyvqwlizbpv5vz337lslmhff2uad.onion/|2024-02-16 08:27:36.917156|
lockbit3|http://lockbitnotexk2vnf2q2zwjefsl3hjsnk4u74vq4chxrqpjclfydk4ad.onion/|2024-02-16 08:27:56.044601|
lockbit3|http://lockbitsup4yezcd5enk5unncx3zcy7kw6wllyqmiyhvanjj352jayid.onion|2024-02-16 08:28:22.254208|
bluesky|http://ccpyeuptrlatb2piua4ukhnhi7lrxgerrcrj4p2b5uhbzqm2xgdjaqid.onion|2023-10-17 15:16:51.959392|
solidbit|http://solidb2jco63vbhx4sfimnqmwhtdjk4jbbgq7a24cmzzkfse4rduxgid.onion/login|2022-08-27 10:46:42.853880|
yanluowang|http://jukswsxbh3jsxuddvidrjdvwuohtsy4kxg2axbppiyclomt2qciyfoad.onion|2022-11-01 16:42:08.390431|
nokoyawa|http://lirncvjfmdhv6samxvvlohfqx7jklfxoxj7xn3fh7qeabs3taemdsdqd.onion/|2022-07-11 22:26:00.512452|
nokoyawa|http://6yofnrq7evqrtz3tzi3dkbrdovtywd35lx3iqbc5dyh367nrdh4jgfyd.onion|2023-01-25 18:45:04.724882|
nokoyawa|http://nokoleakb76znymx443veg4n6fytx6spck6pc7nkr4dvfuygpub6jsid.onion|2023-10-08 08:23:07.925186|
nokoyawa|http://noko65rmtaiqyt2cw2h4jrxe3u56t2k7ov3nd22hoji4c5vnfib2i4yd.onion/api/leaks/get|2023-10-08 08:23:12.511888|
karakurt|https://omx5iqrdbsoitf3q4xexrqw5r5tfw7vp3vl3li3lfo7saabxazshnead.onion|2024-02-15 04:27:53.098987|
karakurt|https://3f7nxkjway3d223j27lyad7v5cgmyaifesycvmwq7i7cbs23lb6llryd.onion|2024-02-16 06:29:40.685845|
karakurt|https://karaleaks.com|2021-05-01 00:00:00.000000|
redalert|http://blog2hkbm6gogpv2b3uytzi3bj5d5zmc4asbybumjkhuqhas355janyd.onion|2022-12-08 09:01:43.063362|https://www.bleepingcomputer.com/news/security/new-redalert-ransomware-targets-windows-linux-vmware-esxi-servers/
bianlian|http://bianlianlbc5an4kgnay3opdemgcryg2kpfcbgczopmm3dnbz3uaunad.onion/companies/|2024-02-16 08:30:01.468010|A4B3B0845DA242A64BF17E0DB4278EDF85855739667D3E2AE8B89D5439015F07E81D12D767FC, SWikipedia@mail2tor.com
0mega|http://omegalock5zxwbhswbisc42o2q2i54vdulyvtqqbudqousisjgc7j7yd.onion|2024-02-16 08:30:12.678946|
0mega|http://0mega.cc|2024-02-16 08:30:26.552196|
lilith|http://yeuajcizwytgmrntijhxphs6wn5txp2prs6rpndafbsapek3zd4ubcid.onion|2022-08-09 14:56:54.209173|BAC01607F29EC417FB4106AEAB5BDF79CD948F9120C8D889E8785ADFDCE88C00F08429E092EC
lockbit3_fs|http://lockbit7z2jwcskxpbokpemdxmltipntwlkmidcll2qirbu7ykg46eyd.onion|2024-02-16 08:30:37.889274|
lockbit3_fs|http://lockbit7z2mmiz3ryxafn5kapbvbbiywsxwovasfkgf5dqqp5kxlajad.onion|2024-02-16 08:30:42.297093|
lockbit3_fs|http://lockbit7z2og4jlsmdy7dzty3g42eu3gh2sx2b6ywtvhrjtss7li4fyd.onion|2024-02-16 08:30:59.465982|
lockbit3_fs|http://lockbit7z355oalq4hiy5p7de64l6rsqutwlvydqje56uvevcc57r6qd.onion|2024-02-16 08:31:05.579175|
lockbit3_fs|http://lockbit7z36ynytxwjzuoao46ck7b3753gpedary3qvuizn3iczhe4id.onion|2024-02-16 08:31:11.432347|
lockbit3_fs|http://lockbit7z37ntefjdbjextn6tmdkry4j546ejnru5cejeguitiopvhad.onion|2024-02-16 08:31:31.693402|
lockbit3_fs|http://lockbit7z3azdoxdpqxzliszutufbc2fldagztdu47xyucp25p4xtqad.onion|2024-02-16 08:31:50.265142|
lockbit3_fs|http://lockbit7z3ddvg5vuez2vznt73ljqgwx5tnuqaa2ye7lns742yiv2zyd.onion|2024-02-16 08:32:00.515536|
lockbit3_fs|http://lockbit7z3hv7ev5knxbrhsvv2mmu2rddwqizdz4vwfvxt5izrq6zqqd.onion|2024-02-16 08:32:09.217915|
lockbit3_fs|http://lockbit7z3ujnkhxwahhjduh5me2updvzxewhhc5qvk2snxezoi5drad.onion|2024-02-16 08:32:27.122655|
lockbit3_fs|http://lockbit7z4bsm63m3dagp5xglyacr4z4bwytkvkkwtn6enmuo5fi5iyd.onion|2024-02-16 08:32:45.694467|
lockbit3_fs|http://lockbit7z4cgxvictidwfxpuiov4scdw34nxotmbdjyxpkvkg34mykyd.onion|2024-02-16 08:32:57.990567|
lockbit3_fs|http://lockbit7z4k5zer5fbqi2vdq5sx2vuggatwyqvoodrkhubxftyrvncid.onion|2024-02-16 08:33:05.741919|
lockbit3_fs|http://lockbit7z4ndl6thsct34yd47jrzdkpnfg3acfvpacuccb45pnars2ad.onion|2024-02-16 08:33:10.071859|
lockbit3_fs|http://lockbit7z55tuwaflw2c7torcryobdvhkcgvivhflyndyvcrexafssad.onion|2024-02-16 08:33:29.208027|
lockbit3_fs|http://lockbit7z57mkicfkuq44j6yrpu5finwvjllczkkp2uvdedsdonjztyd.onion|2024-02-16 06:34:08.412899|
lockbit3_fs|http://lockbit7z5ehshj6gzpetw5kso3onts6ty7wrnneya5u4aj3vzkeoaqd.onion|2024-02-16 08:34:00.599505|
lockbit3_fs|http://lockbit7z5hwf6ywfuzipoa42tjlmal3x5suuccngsamsgklww2xgyqd.onion|2024-02-16 08:34:08.991310|
lockbit3_fs|http://lockbit7z5ltrhzv46lsg447o3cx2637dloc3qt4ugd3gr2xdkkkeayd.onion|2024-02-16 06:34:34.953471|
lockbit3_fs|http://lockbit7z6choojah4ipvdpzzfzxxchjbecnmtn4povk6ifdvx2dpnid.onion|2024-02-16 08:34:45.863782|
lockbit3_fs|http://lockbit7z6dqziutocr43onmvpth32njp4abfocfauk2belljjpobxyd.onion|2024-02-16 08:34:52.649048|
lockbit3_fs|http://lockbit7z6f3gu6rjvrysn5gjbsqj3hk3bvsg64ns6pjldqr2xhvhsyd.onion|2024-02-16 08:34:58.333885|
lockbit3_fs|http://lockbit7z6qinyhhmibvycu5kwmcvgrbpvtztkvvmdce5zwtucaeyrqd.onion|2024-02-16 08:35:09.407778|
lockbit3_fs|http://lockbit7z6rzyojiye437jp744d4uwtff7aq7df7gh2jvwqtv525c4yd.onion|2024-02-16 08:35:20.837536|
daixin|http://232fwh5cea3ub6qguz3pynijxfzl2uj3c73nbrayipf3gq25vtq2r4qd.onion|2022-11-10 21:25:37.234939|
daixin|http://7ukmkdtyxdkdivtjad57klqnd3kdsmq6tp45rrsxqnu76zzv3jvitlqd.onion|2024-02-16 08:35:41.538523|
icefire|http://kf6x3mjeqljqxjznaw65jixin7dpcunfxbbakwuitizytcpzn4iy5bad.onion/board/leak_list/|2022-08-24 13:04:21.218125|
icefire|http://7kstc545azxeahkduxmefgwqkrrhq3mzohkzqvrv7aekob7z3iwkqvyd.onion/board/victim_list/|2023-03-13 04:25:52.003425|
donutleaks|https://qkbbaxiuqqcqb5nox4np4qjcniy2q6m7yeluvj7n5i5dn7pgpcwxwfid.onion|2022-10-27 21:34:31.860510|
donutleaks|http://sbc2zv2qnz5vubwtx3aobfpkeao6l4igjegm3xx7tk5suqhjkp5jxtqd.onion|2024-02-16 08:36:16.059725|
donutleaks|https://doq32rjiuomfghm5a4lyf3lwwakt2774tkv4ppsos6ueo5mhx7662gid.onion|2022-10-26 01:53:59.040044|
donutleaks|http://dk4mkfzqai6ure62oukzgtypedmwlfq57yj2fube7j5wsoi6tuia7nyd.onion/index.php|2024-02-10 18:26:20.614721|
qilin|http://ozsxj4hwxub7gio347ac7tyqqozvfioty37skqilzo2oqfs4cw2mgtyd.onion|2023-02-17 12:58:08.150452|
qilin|http://kbsqoivihgdmwczmxkbovk7ss2dcynitwhhfu5yw725dboqo5kthfaad.onion|2024-02-15 00:46:38.885141|
diavol|https://7ypnbv3snejqmgce4kbewwvym4cm5j6lkzf2hra2hyhtsvwjaxwipkyd.onion|2022-10-31 16:50:19.073961|
monti|http://4s4lnfeujzo67fy2jebz2dxskez2gsqj2jeb35m75ktufxensdicqxad.onion/|2022-10-10 19:34:41.368860|
monti|http://mblogci3rudehaagbryjznltdp33ojwzkq6hn2pckvjq33rycmzczpid.onion|2024-02-16 08:37:25.484405|
sparta|http://zj2ex44e2b2xi43m2txk4uwi3l55aglsarre7repw7rkfwpj54j46iqd.onion/|2022-10-01 15:37:30.691168|spartaprogroup@strong.pm
chilelocker|http://z6vidveub2ypo3d3x7omsmcxqwxkkmvn5y3paoufyd2tt4bfbkg33kid.onion|2023-04-19 12:27:07.876153|
dagonlocker|http://dgnh6p5uq234zry7qx7bh73hj5ht3jqisgfet6s7j7uyas5i46xfdkyd.onion|2022-11-10 19:06:45.161721|
royal|http://royal2xthig3ou5hd7zsliqagy6yygk2cdelaxtni2fyad6dpmpxedid.onion|2023-10-16 13:34:06.276342|
royal|http://royal4ezp7xrbakkus3oofjw6gszrohpodmdnfbe5e4w3og5sm7vb3qd.onion/api/posts/list|2023-10-16 13:34:09.417388|
shaoleaks|http://crptd5sv5bdz6hovrbkac6mnp3rt7zij62njsqwh5a6ldd3asxdd22qd.onion|2022-11-01 16:51:57.041156|
mallox|http://wtyafjyhwqrgo4a45wdvvwhen3cx4euie73qvlhkhvlrexljoyuklaad.onion|2024-02-16 04:36:14.782180|
projectrelic|http://relic5zqwemjnu4veilml6prgyedj6phs7de3udhicuq53z37klxm6qd.onion|2023-06-03 08:31:18.197464|
play|http://k7kg3jqxang3wh7hnmaiokchk7qoebupfgoik6rha6mjpzwupwtj25yd.onion/|2024-02-16 08:39:04.697230|
play|http://mbrlkbtq5jonaqkurjwmxftytyn2ethqvbxfu4rgjbkkknndqwae6byd.onion/|2024-02-16 08:39:16.406977|
dataleak|http://woqjumaahi662ka26jzxyx7fznbp4kg3bsjar4b52tqkxgm2pylcjlad.onion|2023-02-22 12:57:45.153247|
unsafeleak|http://unsafeipw6wbkzzmj7yqp7bz6j7ivzynggmwxsm6u2wwfmfqrxqrrhyd.onion|2024-02-16 06:40:02.863714|
nevada|http://nevcorps5cvivjf6i2gm4uia7cxng5ploqny2rgrinctazjlnqr2yiyd.onion|2023-04-21 08:27:32.607098|
nevada|http://nevbackvzwfu5yu3gszap77bg66koadds6eln37gxdhdk4jdsbkayrid.onion|2023-04-21 08:27:41.520049|
nevada|http://nevaffcwswjosddmw55qhn4u4secw42wlppzvf26k5onrlxjevm6avad.onion|2021-05-01 00:00:00.000000|
vendetta|http://test.cuba4ikm4jakjgmkezytyawtdgr2xymvy6nvzgw5cglswg3si76icnqd.onion|2024-02-08 10:28:01.683277|
0xFFF|http://contiuevxdgdhn3zl2kubpajtfgqq4ssj2ipv6ujw7fwhggev3rk6hqd.onion|2024-02-16 08:41:10.152377|
ransomblog_noname|http://z6wkgghtoawog5noty5nxulmmt2zs7c3yvwr22v4czbffdoly2kl4uad.onion|2023-12-21 06:28:43.074381|
darkbit01|http://iw6v2p3cruy7tqfup3yl4dgt4pfibfa3ai4zgnu5df2q3hus3lm7c7ad.onion/support|2021-05-01 00:00:00.000000|
abyss|http://3ev4metjirohtdpshsqlkrqcmxq6zu3d7obrdhglpy5jpbr7whmlfgqd.onion/static/data.js|2024-02-16 08:42:01.338172|
moneymessage|http://blogvl7tjyjvsfthobttze52w36wwiz34hrfcmorgvdzb6hikucb7aqd.onion/news.php?contentId=1|2024-02-16 08:42:16.997469|
dunghill_leak|http://p66slxmtum2ox4jpayco6ai3qfehd5urgrs4oximjzklxcol264driqd.onion/index.html|2024-02-16 08:42:25.558022|
akira|https://akiral2iz6a7qgd3ayp3l6yub7xx2uep76idk3u2kollpj5z3z636bad.onion/n|2024-02-16 06:42:41.940624|
akira|https://akiralkzxzq2dsrzsrvbr2xgbbu2wgsmxryd4csgfameg52n7efvr2id.onion/|2024-02-16 08:42:57.617656|
darkpower|http://powerj7kmpzkdhjg4szvcxxgktgk36ezpjxvtosylrpey7svpmrjyuyd.onion|2021-05-01 00:00:00.000000|
cryptnet|http://cryptr3fmuv4di5uiczofjuypopr63x2gltlsvhur2ump4ebru2xd3yd.onion/login|2023-10-17 19:28:16.981231|
cryptnet|http://blog6zw62uijolee7e6aqqnqaszs3ckr5iphzdzsazgrpvtqtjwqryid.onion/|2023-10-17 19:28:20.721268|
crosslock|http://crosslock5cwfljbw4v37zuzq4talxxhyavjm2lufmjwgbpfjdsh56yd.onion|2023-07-27 20:35:50.715403|
trigona|http://6n5tfadusp4sarzuxntz34q4ohspiaya2mc6aw6uhlusfqfsdomavyyd.onion/|2023-06-26 10:34:48.760916|
trigona|http://trigonax2zb3fw34rbaap4cqep76zofxs53zakrdgcxzq6xzt24l5lqd.onion/api|2023-10-18 07:34:32.654428|
trigona|http://3x55o3u2b7cjs54eifja5m3ottxntlubhjzt6k6htp5nrocjmsxxh7ad.onion|2023-10-18 07:34:39.305165|
ragroup|http://pa32ymaeu62yo5th5mraikgw5fcvznnsiiwti42carjliarodltmqcqd.onion|2024-01-08 12:35:26.611706|
ragroup|http://hkpomcx622gnqp2qhenv4ceyrhwvld3zwogr4mnkdeudq2txf55keoad.onion|2023-08-25 07:19:31.826210|
8base|http://basemmnnqwxevlymli5bs36o5ynti55xojzvn246spahniugwkff2pad.onion|2023-11-03 14:35:45.042873|
malas|http://malas2urovbyyavjzaezkt5ohljvyd5lt7vv7mnsgbf2y4bwlh72doqd.onion/posts/|2024-02-16 08:45:11.466151|
blacksuit|http://weg7sdx54bevnvulapqu6bpzwztryeflq3s23tegbmnhkbpqz637f2yd.onion|2024-02-16 08:45:22.173372|
rancoz|http://ze677xuzard4lx4iul2yzf5ks4gqqzoulgj5u4n5n4bbbsxjbfr7eayd.onion|2023-10-17 08:30:47.413379|
darkrace|http://wkrlpub5k52rjigwxfm6m7ogid55kamgc5azxlq7zjgaopv33tgx2sqd.onion|2023-06-20 22:37:01.106318|
shadow|http://lc65fb3wrvox6xlyn4hklwjcojau55diqxxylqs4qsfng23ftzijnxad.onion|2023-09-06 17:24:32.635892|https://github.com/threatlabz/ransomware_notes/blob/main/shadow/%5Brand%5D.README.txt
rhysida|http://rhysidafohrhyy2aszi7bm32tnjat5xri65fopcxkdfxhi4tidsg7cad.onion/archive.php|2024-02-16 08:46:01.215932|
rhysida|http://rhysidafc6lm7qa2mkiukbezh7zuth3i4wof4mh2audkymscjm6yegad.onion/archive.php?last&auction|2024-02-16 08:46:10.421321|
noescape|http://noescaperjh3gg6oy7rck57fiefyuzmj7kmvojxgvlmwd5pdzizrb7ad.onion|2023-12-09 12:36:35.061405|
noescape|http://noescapemsqxvizdxyl7f7rmg5cdjwp33pg2wpmiaaibilb4btwzttad.onion|2023-12-09 10:28:47.082639|
cactus|https://cactusbloguuodvqjmnzlwetjlpj6aggc6iocwhuupb47laukux7ckid.onion|2024-02-16 08:47:04.232825|
knight|http://knight3xppu263m7g4ag3xlit2qxpryjwueobh7vjdc3zrscqlfu3pqd.onion/search/|2024-02-14 06:47:23.537557|
knight|http://nt3rrzq5hcyznvdkpslvqbbc2jqecqrinhi5jtwoae2x7psqtcb6dcad.onion|2023-10-13 15:29:30.206795|
incransom|http://incbackrlasjesgpfu5brktfjknbqoahe2hhmqfhasc5fb56mtukn4yd.onion/api/blog/get-leaks|2024-02-16 08:47:54.919271|
incransom|http://incblog7vmuq7rktic73r4ha4j757m3ptym37tyvifzp2roedyyzzxid.onion|2024-02-16 08:48:00.588133|
metaencryptor|http://metacrptmytukkj7ajwjovdpjqzd7esg5v3sg344uzhigagpezcqlpyd.onion/#!|2023-12-27 10:29:41.762665|
cloak|http://cloak7jpvcb73rtx2ff7kaw2kholu7bdiivxpzbhlny4ybz75dpxckqd.onion|2024-02-16 08:48:28.824402|
ransomedvc|http://f6amq3izzsgtna4vw24rpyhy3ofwazlgex2zqdssavevvkklmtudxjad.onion|2024-02-16 08:48:33.893150|@RansomedVC on x.com, admin @ ransomed.vc, 192D52C7C18F3D2693ED2453E64C53EC0CCF0255AB2291F019B65BA84442B313C410DE132E59, GodGreatSave @ cocaine.ninja
ransomedvc|https://ransomed.vc|2024-02-16 08:48:36.052453|@RansomedVC on x.com, admin @ ransomed.vc, 192D52C7C18F3D2693ED2453E64C53EC0CCF0255AB2291F019B65BA84442B313C410DE132E59, GodGreatSave @ cocaine.ninja
ciphbit|http://ciphbitqyg26jor7eeo6xieyq7reouctefrompp6ogvhqjba7uo4xdid.onion|2024-02-16 08:48:52.103671|
threeam|http://threeamkelxicjsaf2czjyz2lc4q3ngqkxhhlexyfcp2o6raw4rphyad.onion|2024-02-16 08:48:57.282645|threeam@onionmail.org
cryptbb|http://crypuglupv3bsqnbt5ruu5lgwrwoaojscwhuoccbmbzmcidft5kiccqd.onion|2023-09-20 03:27:37.375670|
losttrust|http://hscr6cjzhgoybibuzn2xud7u4crehuoo4ykw3swut7m7irde74hdfzyd.onion|2023-11-02 08:35:06.327012|https://www.bleepingcomputer.com/forums/t/786045/ransomware-hit-vmware/
